filename,published,modified,expires,deprecated
getting-started.md,2009-07-19 00:00:00,2017-10-10 00:00:00,,False
github-guide.md,2015-12-02 00:00:00,2015-12-02 00:00:00,,False
linode-writers-formatting-guide.md,2014-01-15 00:00:00,,,False
big-data-in-the-linode-cloud-streaming-data-processing-with-apache-storm.md,2016-10-25 00:00:00,2017-06-21 00:00:00,,False
how-to-install-and-configure-a-redis-cluster-on-ubuntu-1604.md,2017-08-14 00:00:00,2017-08-14 00:00:00,,False
how-to-move-machine-learning-model-to-production.md,2017-10-09 00:00:00,2017-10-10 00:00:00,,False
install-a-jupyter-notebook-server-on-a-linode-behind-an-apache-reverse-proxy.md,2017-08-22 00:00:00,2017-08-22 00:00:00,,False
access-google-drive-linode.md,2015-09-28 00:00:00,2016-03-17 00:00:00,,False
access-your-box-account-from-your-linode.md,2015-11-06 00:00:00,2015-11-06 00:00:00,,False
dropbox.md,2014-04-30 00:00:00,2015-06-29 00:00:00,,False
how-to-install-a-turtl-server-on-ubuntu.md,,2017-09-06 00:00:00,,False
install-and-configure-owncloud-on-ubuntu-16-04.md,2017-08-07 00:00:00,2017-08-07 00:00:00,,False
install-seafile-with-nginx-on-ubuntu-1604.md,2017-05-23 00:00:00,2017-06-21 00:00:00,,False
owncloud-debian-7.md,2014-06-10 00:00:00,2017-06-21 00:00:00,,False
beginners-guide-chef.md,2015-06-10 00:00:00,2015-06-10 00:00:00,,False
configure-and-use-salt-ssh.md,2017-07-25 00:00:00,2017-08-15 00:00:00,,False
creating-your-first-chef-cookbook.md,2015-06-10 00:00:00,2015-06-10 00:00:00,,False
install-a-chef-server-workstation-on-ubuntu-14-04.md,2015-06-10 00:00:00,2015-06-10 00:00:00,,False
install-and-configure-puppet.md,2015-09-17 00:00:00,2017-03-08 00:00:00,,False
install-and-configure-salt-master-and-minion-servers.md,2015-09-22 00:00:00,2017-07-10 00:00:00,,False
install-and-manage-mysql-databases-with-puppet-hiera-on-ubuntu-16-04.md,2017-09-11 00:00:00,2017-09-11 00:00:00,,False
learn-how-to-install-ansible-and-run-playbooks.md,2015-09-08 00:00:00,2015-09-08 00:00:00,,False
use-laravel-forge-to-automate-web-server-creation-on-a-linode.md,2017-09-18 00:00:00,2017-09-20 00:00:00,,False
use-puppet-modules-to-create-a-lamp-stack.md,2015-11-12 00:00:00,2015-11-12 00:00:00,,False
use-salt-states-to-configure-a-lamp-stack-on-a-minion.md,2015-07-02 00:00:00,2017-07-10 00:00:00,,False
use-salt-states-to-create-lamp-stack-and-fail2ban-across-salt-minions.md,2015-07-02 00:00:00,2016-11-22 00:00:00,,False
vagrant-linode-environments.md,2015-06-25 00:00:00,2015-06-25 00:00:00,,False
docker-commands-quick-reference-cheat-sheet.md,2015-03-30 00:00:00,2015-03-30 00:00:00,,False
how-to-create-a-docker-swarm-manager-and-nodes-on-linode.md,2017-09-18 00:00:00,2017-09-28 00:00:00,,False
how-to-deploy-an-nginx-container-with-docker.md,2017-07-19 00:00:00,2017-07-19 00:00:00,,False
how-to-install-docker-and-deploy-a-lamp-stack.md,2015-02-23 00:00:00,2015-02-23 00:00:00,,False
how-to-install-docker-and-pull-images-for-container-deployment.md,2017-07-17 00:00:00,2017-10-23 00:00:00,,False
how-to-install-openvz-on-debian-9.md,2017-09-22 00:00:00,2017-09-25 00:00:00,,False
how-to-use-dockerfiles.md,2017-08-11 00:00:00,2017-08-29 00:00:00,,False
introduction-to-docker.md,2017-06-28 00:00:00,2017-06-28 00:00:00,,False
node-js-web-server-deployed-within-docker.md,2015-03-23 00:00:00,2015-03-23 00:00:00,,False
what-is-docker.md,2014-01-28 00:00:00,2014-01-28 00:00:00,,True
how-to-install-shoutcast-dnas-server-on-linux.md,2012-06-07 00:00:00,2017-06-21 00:00:00,,False
install-plex-media-server-on-centos-7.md,2017-05-03 00:00:00,2017-06-21 00:00:00,,False
install-plex-media-server-on-ubuntu-16-04.md,2017-05-03 00:00:00,2017-06-21 00:00:00,,False
install-subsonic-media-server-on-ubuntu-or-debian.md,2015-02-02 00:00:00,2017-10-27 00:00:00,,False
advanced-irssi-usage.md,2010-03-29 00:00:00,2013-04-15 00:00:00,,False
install-openfire-on-ubuntu-12-04-for-instant-messaging.md,2012-11-13 00:00:00,2016-03-14 00:00:00,,True
install-znc-debian.md,2014-08-21 00:00:00,2015-06-04 00:00:00,,False
installing-prosody-xmpp-server-on-debian-5-lenny.md,2009-10-13 00:00:00,2011-08-22 00:00:00,,True
installing-prosody-xmpp-server-on-ubuntu-10-04-lucid.md,2010-12-06 00:00:00,2013-09-24 00:00:00,,True
installing-prosody-xmpp-server-on-ubuntu-10-10-maverick.md,2011-02-23 00:00:00,2012-10-03 00:00:00,,True
installing-prosody-xmpp-server-on-ubuntu-12-04-precise-pangolin.md,2012-10-03 00:00:00,2012-10-03 00:00:00,,True
installing-prosody-xmpp-server-on-ubuntu-8-04-hardy.md,2009-10-13 00:00:00,2011-04-29 00:00:00,,True
installing-prosody-xmpp-server-on-ubuntu-9-04-jaunty.md,2009-10-13 00:00:00,2011-04-29 00:00:00,,True
installing-prosody-xmpp-server-on-ubuntu-9-10-karmic.md,2009-11-09 00:00:00,2011-04-29 00:00:00,,True
instant-messaging-services-with-ejabberd-on-centos-5.md,2009-12-08 00:00:00,2011-08-22 00:00:00,,True
instant-messaging-services-with-ejabberd-on-debian-5-lenny.md,2009-10-07 00:00:00,2011-08-22 00:00:00,,True
instant-messaging-services-with-ejabberd-on-fedora-13.md,2010-09-13 00:00:00,2013-09-24 00:00:00,,True
instant-messaging-services-with-ejabberd-on-ubuntu-8-04-hardy.md,2009-10-13 00:00:00,2011-04-29 00:00:00,,True
instant-messaging-services-with-ejabberd-on-ubuntu-9-04-jaunty.md,2009-10-13 00:00:00,2011-04-29 00:00:00,,True
instant-messaging-services-with-ejabberd-on-ubuntu-9-10-karmic.md,2009-11-09 00:00:00,2012-10-31 00:00:00,,True
instant-messaging-services-with-openfire-on-centos-5.md,2010-08-05 00:00:00,2011-08-22 00:00:00,,True
instant-messaging-services-with-openfire-on-debian-5-lenny.md,2009-09-18 00:00:00,2012-10-03 00:00:00,,True
instant-messaging-services-with-openfire-on-debian-6-squeeze.md,2011-02-24 00:00:00,2011-05-17 00:00:00,,True
instant-messaging-services-with-openfire-on-ubuntu-10-04-lts-lucid.md,2010-05-03 00:00:00,2013-09-24 00:00:00,,True
instant-messaging-services-with-openfire-on-ubuntu-9-04-jaunty.md,2009-09-19 00:00:00,2011-04-29 00:00:00,,True
instant-messaging-services-with-openfire-on-ubuntu-9-10-karmic.md,2009-10-29 00:00:00,2012-10-03 00:00:00,,True
use-ejabberd-for-instant-messaging-on-ubuntu-12-04.md,2012-10-31 00:00:00,2012-10-31 00:00:00,,True
using-irssi-for-internet-relay-chat.md,2010-03-29 00:00:00,2015-01-09 00:00:00,,False
using-weechat-for-irc.md,2014-08-27 00:00:00,2016-03-10 00:00:00,,False
how-to-create-a-private-python-package-repository.md,,2017-09-12 00:00:00,,False
how-to-install-and-configure-redmine-on-ubuntu-16-04.md,2017-09-14 00:00:00,2017-09-26 00:00:00,,False
install-farmos.md,2017-09-09 00:00:00,2017-09-20 00:00:00,,False
manage-projects-with-redmine-on-debian-5-lenny.md,2009-11-30 00:00:00,2011-05-17 00:00:00,,True
manage-projects-with-redmine-on-debian-6-squeeze.md,2011-05-16 00:00:00,2011-06-07 00:00:00,,True
manage-projects-with-redmine-on-ubuntu-10-04-lts-lucid.md,2010-04-29 00:00:00,2011-06-07 00:00:00,,True
manage-projects-with-redmine-on-ubuntu-11-04-natty.md,2011-05-17 00:00:00,2013-02-18 00:00:00,,True
manage-projects-with-redmine-on-ubuntu-9-10-karmic.md,2009-11-23 00:00:00,2011-05-17 00:00:00,,True
power-team-collaboration-with-egroupware-on-centos-5.md,2010-02-03 00:00:00,2011-08-22 00:00:00,,True
power-team-collaboration-with-egroupware-on-debian-5-lenny.md,2010-01-26 00:00:00,2011-08-22 00:00:00,,truew
power-team-collaboration-with-egroupware-on-fedora-13.md,2010-09-16 00:00:00,2013-10-04 00:00:00,,True
power-team-collaboration-with-egroupware-on-ubuntu-9-10-karmic.md,2010-02-01 00:00:00,2011-08-22 00:00:00,,True
setting-up-taskwarrior-on-ubuntu-16-10.md,,2017-05-23 00:00:00,,False
install-vnc-on-ubuntu-16-04.md,2016-06-21 00:00:00,2016-06-21 00:00:00,,False
run-graphic-software-on-your-linode-with-xforwarding-on-ubuntu-12-04.md,2014-04-10 00:00:00,2014-04-25 00:00:00,,True
running-graphic-software-xforwarding-debian.md,2014-04-10 00:00:00,2014-04-25 00:00:00,,False
using-vnc-to-operate-a-desktop-on-ubuntu-12-04.md,2014-04-10 00:00:00,2014-08-21 00:00:00,,True
create-an-aggregate-blog-using-planet-on-debian-5-lenny.md,2010-04-07 00:00:00,2013-10-04 00:00:00,,True
create-an-aggregate-blog-using-planet-on-ubuntu-9-10-karmic.md,2010-08-10 00:00:00,2012-10-08 00:00:00,,True
create-an-aggregate-blog-using-planet-venus-on-ubuntu-10-04-lucid.md,2010-08-10 00:00:00,2013-10-04 00:00:00,,True
create-an-aggregate-blog-using-planet-venus-on-ubuntu-12-04-precise-pangolin.md,2012-10-22 00:00:00,2013-10-04 00:00:00,,True
dolphin.md,2012-07-10 00:00:00,2013-10-04 00:00:00,,true - '[Boonex Home Page](http://www.boonex.com)' - '[Boonex Plug-in Market](http://www.boonex.com/market)' - '[Boonex Forums](http://www.boonex.com/forums/)'
phpfox.md,2011-01-31 00:00:00,2013-10-04 00:00:00,,True
planet-feed-aggregator.md,2010-08-05 00:00:00,2013-10-04 00:00:00,,True
question-and-answer-communities-with-osqa-on-debian-5-lenny.md,2010-05-10 00:00:00,2013-10-04 00:00:00,,True
social-networking-with-elgg-on-debian-5-lenny.md,2009-12-08 00:00:00,2013-10-04 00:00:00,,True
social-networking-with-phpfox-on-debian-5-lenny.md,2010-08-13 00:00:00,2013-10-04 00:00:00,,True
deploy-voip-services-with-asterisk-and-freepbx-on-ubuntu-12-04-precise.md,2014-06-17 00:00:00,2014-06-17 00:00:00,,True
deploy-voip-services-with-asterisk-and-freepbx-on-ubuntu-9-10-karmic.md,2010-04-23 00:00:00,2013-08-02 00:00:00,,True
install-and-configure-mumble-on-debian.md,2015-11-09 00:00:00,2015-11-09 00:00:00,,False
install-asterisk-on-centos-7.md,2015-09-30 00:00:00,2015-09-30 00:00:00,,False
deploy-scalable-cassandra.md,2017-06-12 00:00:00,2017-06-24 00:00:00,,False
set-up-a-cassandra-node-cluster-on-ubuntu-and-centos.md,2017-06-24 00:00:00,2017-06-24 00:00:00,,False
access-futon-over-ssh-using-putty-on-windows.md,2010-02-04 00:00:00,2017-07-19 00:00:00,,False
use-couchdb-for-document-based-data-storage-on-centos-5.md,2010-02-18 00:00:00,2011-04-29 00:00:00,,True
use-couchdb-for-document-based-data-storage-on-debian-5-lenny.md,2010-02-08 00:00:00,2012-10-03 00:00:00,,True
use-couchdb-for-document-based-data-storage-on-debian-6-squeeze.md,2011-02-23 00:00:00,2011-04-29 00:00:00,,True
use-couchdb-for-document-based-data-storage-on-fedora-13.md,2010-05-27 00:00:00,2011-04-29 00:00:00,,True
use-couchdb-for-document-based-data-storage-on-fedora-14.md,2010-12-06 00:00:00,2013-09-24 00:00:00,,True
use-couchdb-for-document-based-data-storage-on-ubuntu-10-04-lucid.md,2010-05-03 00:00:00,2013-09-24 00:00:00,,True
use-couchdb-for-document-based-data-storage-on-ubuntu-10-10-maverick.md,2010-12-06 00:00:00,2012-10-08 00:00:00,,True
use-couchdb-for-document-based-data-storage-on-ubuntu-12-04.md,2012-10-09 00:00:00,2012-10-09 00:00:00,,True
use-couchdb-for-document-based-data-storage-on-ubuntu-9-10-karmic.md,2010-02-18 00:00:00,2011-04-29 00:00:00,,True
how-to-install-and-set-up-hadoop-cluster.md,2017-10-13 00:00:00,2017-10-16 00:00:00,,False
install-configure-run-spark-on-top-of-hadoop-yarn-cluster.md,2017-10-20 00:00:00,2017-10-23 00:00:00,,False
how-to-install-mariadb-on-centos-7.md,2015-08-21 00:00:00,2015-08-21 00:00:00,,False
mariadb-setup-debian7.md,2014-06-12 00:00:00,2014-06-12 00:00:00,,False
set-up-mariadb-clusters-with-galera-debian-and-ubuntu.md,2015-02-18 00:00:00,2015-02-18 00:00:00,,False
build-database-clusters-with-mongodb.md,2010-09-30 00:00:00,2017-02-27 00:00:00,,False
create-a-mongodb-replica-set.md,2016-12-02 00:00:00,2017-02-27 00:00:00,,False
creating-a-mongodb-replication-set-on-centos-6-4.md,2014-04-09 00:00:00,2014-04-09 00:00:00,,True
creating-a-mongodb-replication-set-on-debian-7-wheezy.md,2014-04-09 00:00:00,2014-08-13 00:00:00,,True
creating-a-mongodb-replication-set-on-ubuntu-12-04-precise.md,2014-04-09 00:00:00,2014-08-13 00:00:00,,True
install-mongodb-on-centos-7.md,2016-12-30 00:00:00,2016-12-30 00:00:00,,False
install-mongodb-on-ubuntu-16-04.md,2016-05-20 00:00:00,2016-12-30 00:00:00,,False
use-mongodb-to-store-application-data-on-centos-5.md,2010-03-24 00:00:00,2011-04-29 00:00:00,,True
use-mongodb-to-store-application-data-on-debian-5-lenny.md,2010-02-03 00:00:00,2011-04-29 00:00:00,,True
use-mongodb-to-store-application-data-on-fedora-12.md,2010-03-22 00:00:00,2011-04-29 00:00:00,,True
use-mongodb-to-store-application-data-on-fedora-13.md,2010-05-27 00:00:00,2011-04-29 00:00:00,,True
use-mongodb-to-store-application-data-on-fedora-14.md,2010-11-23 00:00:00,2013-09-24 00:00:00,,True
use-mongodb-to-store-application-data-on-ubuntu-10-04-lucid.md,2010-05-03 00:00:00,2013-09-24 00:00:00,,True
use-mongodb-to-store-application-data-on-ubuntu-10-10-maverick.md,2010-10-12 00:00:00,2012-10-03 00:00:00,,True
use-mongodb-to-store-application-data-on-ubuntu-12-04-precise.md,2012-10-08 00:00:00,2012-10-08 00:00:00,,True
use-mongodb-to-store-application-data-on-ubuntu-9-10-karmic.md,2010-03-24 00:00:00,2011-04-29 00:00:00,,True
back-up-your-mysql-databases.md,2010-04-19 00:00:00,2013-09-11 00:00:00,,False
configure-master-master-mysql-database-replication.md,2014-12-24 00:00:00,2017-10-10 00:00:00,,False
create-an-ssh-tunnel-for-mysql-remote-access.md,2010-01-06 00:00:00,2013-08-22 00:00:00,,False
deploy-mysql-relational-databases-on-ubuntu-12-04-precise-pangolin.md,2012-10-08 00:00:00,2015-09-11 00:00:00,,True
deploy-mysql-workbench-for-database-administration.md,2015-12-04 00:00:00,2017-08-01 00:00:00,,False
how-to-install-mysql-on-centos-6.md,2014-01-22 00:00:00,2017-09-05 00:00:00,,False
how-to-install-mysql-on-centos-7.md,2015-08-27 00:00:00,2017-09-05 00:00:00,,False
how-to-install-mysql-on-debian-7.md,2014-01-14 00:00:00,2017-09-05 00:00:00,,False
how-to-install-mysql-on-debian-8.md,2015-06-12 00:00:00,2015-08-26 00:00:00,,False
how-to-optimize-mysql-performance-using-mysqltuner.md,2015-02-27 00:00:00,2017-06-27 00:00:00,,False
install-and-configure-mysql-workbench-on-ubuntu.md,2017-08-08 00:00:00,2017-08-08 00:00:00,,False
install-and-configure-phpmyadmin-on-debian-8.md,2014-01-02 00:00:00,2015-09-16 00:00:00,,False
install-mysql-on-ubuntu-14-04.md,2012-10-08 00:00:00,2015-08-26 00:00:00,,False
install-mysql-phpmyadmin-debian-7.md,2014-01-02 00:00:00,2015-09-16 00:00:00,,False
install-mysql-phpmyadmin-on-ubuntu-12-04.md,2013-09-12 00:00:00,2015-09-16 00:00:00,,True
install-mysql-phpmyadmin-ubuntu-14-04.md,2013-09-12 00:00:00,2017-08-01 00:00:00,,False
manage-mysql-with-phpmyadmin-on-debian-5-lenny.md,2010-01-28 00:00:00,2014-01-22 00:00:00,,True
manage-mysql-with-phpmyadmin-on-ubuntu-10-10-maverick.md,2011-01-10 00:00:00,2013-09-24 00:00:00,,True
manage-mysql-with-phpmyadmin-on-ubuntu-9-10-karmic.md,2010-04-17 00:00:00,2011-05-17 00:00:00,,True
managing-mysql-with-phpmyadmin-on-centos-6-4.md,2014-02-04 00:00:00,2017-08-01 00:00:00,,False
standalone-mysql-server.md,2009-09-30 00:00:00,2011-04-29 00:00:00,2013-04-29 00:00:00,True
use-mysql-relational-databases-on-centos-5.md,2009-08-11 00:00:00,2014-01-22 00:00:00,,True
use-mysql-relational-databases-on-debian-5-lenny.md,2009-08-07 00:00:00,2012-10-08 00:00:00,,True
use-mysql-relational-databases-on-debian-6-squeeze.md,2011-01-26 00:00:00,2014-01-14 00:00:00,,True
use-mysql-relational-databases-on-fedora-12.md,2009-08-11 00:00:00,2012-10-08 00:00:00,,True
use-mysql-relational-databases-on-fedora-13.md,2010-05-28 00:00:00,2012-10-08 00:00:00,,True
use-mysql-relational-databases-on-fedora-14.md,2010-12-07 00:00:00,2014-01-28 00:00:00,,True
use-mysql-relational-databases-on-ubuntu-10-04-lts-lucid.md,2010-04-30 00:00:00,2013-09-24 00:00:00,,True
use-mysql-relational-databases-on-ubuntu-10-10-maverick.md,2010-10-21 00:00:00,2012-10-08 00:00:00,,True
use-mysql-relational-databases-on-ubuntu-8-04-hardy.md,2009-08-11 00:00:00,2012-10-08 00:00:00,,True
use-mysql-relational-databases-on-ubuntu-9-04-jaunty.md,2009-08-11 00:00:00,2012-10-08 00:00:00,,True
use-mysql-relational-databases-on-ubuntu-9-10-karmic.md,2009-10-29 00:00:00,2012-10-08 00:00:00,,True
using-mysql-relational-databases-on-arch-linux.md,2011-04-05 00:00:00,2014-01-23 00:00:00,,True
using-mysql-relational-databases-on-fedora-20.md,2014-01-28 00:00:00,2014-01-28 00:00:00,,True
using-mysql-relational-databases-on-gentoo.md,2011-01-21 00:00:00,2014-01-28 00:00:00,,True
oracle-10g-express-edition-on-debian-5-lenny.md,2010-01-28 00:00:00,2014-08-13 00:00:00,,True
oracle-10g-express-edition-on-debian-6-squeeze.md,2011-02-23 00:00:00,2014-08-13 00:00:00,,True
oracle-10g-express-edition-on-ubuntu-10-04-lts-lucid.md,2010-05-05 00:00:00,2014-08-13 00:00:00,,True
oracle-10g-express-edition-on-ubuntu-10-10-maverick.md,2011-04-05 00:00:00,2014-08-13 00:00:00,,True
oracle-10g-express-edition-on-ubuntu-9-10-karmic.md,2010-05-09 00:00:00,2014-08-13 00:00:00,,True
securely-administer-oracle-xe-with-an-ssh-tunnel.md,2010-01-28 00:00:00,2011-05-17 00:00:00,,False
centos-5.md,2009-09-13 00:00:00,2013-09-24 00:00:00,,True
create-a-highly-available-postgresql-cluster-using-patroni-and-haproxy.md,2017-09-19 00:00:00,2017-09-19 00:00:00,,False
debian-5-lenny.md,2009-09-08 00:00:00,2012-10-03 00:00:00,,True
debian-6-squeeze.md,2011-02-18 00:00:00,2013-03-08 00:00:00,,True
fedora-12.md,2009-09-13 00:00:00,2011-04-29 00:00:00,,True
fedora-13.md,2010-05-28 00:00:00,2011-04-29 00:00:00,,True
fedora-14.md,2010-12-08 00:00:00,2011-04-29 00:00:00,2013-04-29 00:00:00,True
how-to-access-postgresql-database-remotely-using-pgadmin-on-windows.md,2010-04-28 00:00:00,2016-05-12 00:00:00,,False
how-to-install-postgresql-on-ubuntu-16-04.md,2016-05-20 00:00:00,2016-05-20 00:00:00,,False
how-to-install-postgresql-relational-databases-on-centos-7.md,2016-12-12 00:00:00,2016-12-12 00:00:00,,False
securely-manage-remote-postgresql-servers-with-pgadmin-on-macos-x.md,2010-04-30 00:00:00,2016-05-11 00:00:00,,False
ubuntu-10-04-lucid.md,2010-04-29 00:00:00,2013-09-24 00:00:00,,True
ubuntu-10-10-maverick.md,2010-10-25 00:00:00,2012-10-03 00:00:00,,True
ubuntu-8-04-hardy.md,2009-09-13 00:00:00,2011-04-29 00:00:00,,True
ubuntu-9-04-jaunty.md,2009-09-13 00:00:00,2011-04-29 00:00:00,,True
ubuntu-9-10-karmic.md,2009-10-29 00:00:00,2011-04-29 00:00:00,,True
use-postgresql-relational-databases-on-ubuntu-12-04.md,2012-10-08 00:00:00,2012-10-08 00:00:00,,True
how-to-install-a-redis-server-on-ubuntu-or-debian8.md,2016-04-20 00:00:00,2017-09-13 00:00:00,,False
install-and-configure-redis-on-centos-7.md,2016-04-20 00:00:00,2017-02-20 00:00:00,,False
redis-on-centos-5.md,2010-08-05 00:00:00,2013-07-07 00:00:00,,True
redis-on-debian-5-lenny.md,2010-07-27 00:00:00,2012-10-08 00:00:00,,True
redis-on-debian-6-squeeze.md,2011-04-05 00:00:00,2013-07-07 00:00:00,,True
redis-on-fedora-13.md,2010-08-05 00:00:00,2011-04-29 00:00:00,,True
redis-on-fedora-14.md,2010-12-06 00:00:00,2013-09-24 00:00:00,,True
redis-on-ubuntu-10-04-lucid.md,2010-07-28 00:00:00,2013-09-24 00:00:00,,True
redis-on-ubuntu-10-10-maverick.md,2010-10-28 00:00:00,2012-10-08 00:00:00,,True
redis-on-ubuntu-12-04-precise-pangolin.md,2012-10-25 00:00:00,2012-10-25 00:00:00,,True
redis-on-ubuntu-9-10-karmic.md,2010-08-05 00:00:00,2011-04-29 00:00:00,,True
clojure-deployment-with-immutant-and-wildfly-on-ubuntu-14-04.md,2016-02-18 00:00:00,2015-12-21 00:00:00,,False
create-a-python-virtualenv-on-ubuntu-1610.md,2017-08-13 00:00:00,2017-08-14 00:00:00,,False
install-java-on-centos.md,2017-06-01 00:00:00,2017-06-01 00:00:00,,False
install-java-on-debian.md,2017-06-01 00:00:00,2017-06-01 00:00:00,,False
install-java-on-ubuntu-16-04.md,2017-05-30 00:00:00,2017-05-30 00:00:00,,False
java-development-wildfly-centos-7.md,2015-09-18 00:00:00,2015-09-18 00:00:00,,False
manage-cpan-modules-with-cpan-minus.md,2010-04-12 00:00:00,2011-11-16 00:00:00,,False
manage-development-with-the-mantis-bug-tracker-on-centos-5.md,2011-04-05 00:00:00,2011-04-29 00:00:00,,True
manage-development-with-the-mantis-bug-tracker-on-debian-5-lenny.md,2010-02-16 00:00:00,2011-04-29 00:00:00,,True
manage-development-with-the-mantis-bug-tracker-on-fedora-14.md,2011-04-05 00:00:00,2013-10-04 00:00:00,,True
track-bugs-and-manage-development-with-bug-genie.md,2010-05-03 00:00:00,2013-10-04 00:00:00,,True
track-bugs-and-manage-development-with-flyspray.md,2010-05-03 00:00:00,2013-10-04 00:00:00,,True
apache-tomcat-on-debian-5-lenny.md,2009-09-23 00:00:00,2012-10-08 00:00:00,,True
apache-tomcat-on-debian-6-squeeze.md,2011-02-17 00:00:00,2011-05-13 00:00:00,,True
apache-tomcat-on-fedora-12.md,2010-07-23 00:00:00,2011-04-29 00:00:00,,True
apache-tomcat-on-fedora-13.md,2010-07-23 00:00:00,2011-04-29 00:00:00,,True
apache-tomcat-on-fedora-14.md,2010-12-07 00:00:00,2013-09-27 00:00:00,,True
apache-tomcat-on-ubuntu-10-04-lucid.md,2010-07-23 00:00:00,2013-09-27 00:00:00,,True
apache-tomcat-on-ubuntu-10-10-maverick.md,2010-12-07 00:00:00,2012-10-08 00:00:00,,True
apache-tomcat-on-ubuntu-12-04-precise-pangolin.md,2012-11-13 00:00:00,2012-11-13 00:00:00,,True
apache-tomcat-on-ubuntu-16-04.md,2016-05-09 00:00:00,2016-05-09 00:00:00,,False
apache-tomcat-on-ubuntu-9-10-karmic.md,2010-07-23 00:00:00,2011-04-29 00:00:00,,True
build-aspnetmono-applications-with-modmono-and-apache-on-debian-5-lenny.md,2010-08-05 00:00:00,2013-09-27 00:00:00,,True
build-aspnetmono-applications-with-modmono-and-apache-on-ubuntu-10-04-lucid.md,2010-08-05 00:00:00,2013-09-27 00:00:00,,True
build-aspnetmono-applications-with-modmono-and-apache-on-ubuntu-9-10-karmic.md,2010-08-01 00:00:00,2011-06-15 00:00:00,,True
cakephp-on-debian-5-lenny.md,2010-05-26 00:00:00,2014-02-10 00:00:00,,True
catalyst-and-modperl.md,2010-01-29 00:00:00,2013-09-27 00:00:00,,True
deploy-smalltalk-applications-with-seaside.md,2010-01-12 00:00:00,2013-09-27 00:00:00,,True
django-apache-and-modpython-on-centos-5.md,2010-02-03 00:00:00,2013-09-27 00:00:00,,True
django-apache-and-modpython-on-debian-5-lenny.md,2009-09-10 00:00:00,2013-09-27 00:00:00,,True
django-apache-and-modpython-on-ubuntu-10-04-lucid.md,2010-05-13 00:00:00,2013-09-27 00:00:00,,True
django-apache-and-modpython-on-ubuntu-8-04-hardy.md,2009-09-10 00:00:00,2011-05-17 00:00:00,,True
django-apache-and-modpython-on-ubuntu-9-04-jaunty.md,2009-08-31 00:00:00,2011-05-17 00:00:00,,True
django-apache-and-modpython-on-ubuntu-9-10-karmic.md,2010-02-05 00:00:00,2011-05-17 00:00:00,,True
django-apache-and-modwsgi-on-centos-5.md,2010-05-18 00:00:00,2011-08-22 00:00:00,,True
django-apache-and-modwsgi-on-debian-5-lenny.md,2010-05-11 00:00:00,2012-10-08 00:00:00,,True
django-apache-and-modwsgi-on-debian-6-squeeze.md,2011-02-17 00:00:00,2011-05-13 00:00:00,,True
django-apache-and-modwsgi-on-fedora-14.md,2011-04-05 00:00:00,2013-09-26 00:00:00,,True
django-apache-and-modwsgi-on-ubuntu-10-04-lucid.md,2010-05-18 00:00:00,2011-08-22 00:00:00,,True
django-apache-and-modwsgi-on-ubuntu-10-10-maverick.md,2010-10-25 00:00:00,2012-10-08 00:00:00,,True
django-apache-and-modwsgi-on-ubuntu-9-10-karmic.md,2010-05-18 00:00:00,2011-05-17 00:00:00,,True
installing-apache-tomcat-on-ubuntu-8-04-lts-hardy.md,2009-09-23 00:00:00,2011-04-29 00:00:00,,True
installing-apache-tomcat-on-ubuntu-9-04-jaunty.md,2009-08-06 00:00:00,2011-04-29 00:00:00,,True
sinatra-framework-and-nginx-on-debian-5-lenny.md,2011-01-21 00:00:00,2012-10-08 00:00:00,,True
sinatra-framework-and-nginx-on-debian-6-squeeze.md,2011-02-17 00:00:00,2013-09-27 00:00:00,,True
sinatra-framework-and-nginx-on-fedora-14.md,2011-04-05 00:00:00,2013-09-26 00:00:00,,True
symfony-on-centos-5.md,2010-06-08 00:00:00,2013-09-27 00:00:00,2015-09-27 00:00:00,True
webpy-on-debian-5-lenny.md,2010-04-14 00:00:00,2012-10-08 00:00:00,,True
webpy-on-debian-6-squeeze.md,2011-02-17 00:00:00,2013-09-27 00:00:00,,True
webpy-on-ubuntu-10-10-maverick.md,2011-01-25 00:00:00,2012-10-08 00:00:00,,True
webpy-on-ubuntu-12-04-precise-pangolin.md,2012-10-25 00:00:00,2013-09-27 00:00:00,,True
yesod-nginx-mysql-on-debian-7-wheezy.md,2014-09-25 00:00:00,2014-09-25 00:00:00,,False
how-to-install-nodejs-and-nginx-on-debian.md,2015-01-14 00:00:00,2017-04-11 00:00:00,,False
set-up-and-install-nodejs.md,2014-12-18 00:00:00,2017-02-15 00:00:00,,False
use-nightmarejs-to-automate-headless-browsing.md,2017-10-09 00:00:00,2017-10-09 00:00:00,,False
ruby-on-rails-apache-debian-8.md,2013-07-13 00:00:00,2017-09-13 00:00:00,,False
ruby-on-rails-nginx-debian-8.md,2015-06-25 00:00:00,2015-06-25 00:00:00,,False
ruby-on-rails-with-apache-on-debian-6-squeeze.md,2011-04-05 00:00:00,2013-09-26 00:00:00,,True
ruby-on-rails-with-apache-on-debian-7-wheezy.md,2013-09-13 00:00:00,2013-09-13 00:00:00,,False
ruby-on-rails-with-apache-on-ubuntu-10-04-lucid.md,2010-08-02 00:00:00,2011-08-22 00:00:00,,True
ruby-on-rails-with-apache-on-ubuntu-10-10-maverick.md,2011-02-17 00:00:00,2012-10-08 00:00:00,,True
ruby-on-rails-with-apache-on-ubuntu-9-04-jaunty.md,2009-08-13 00:00:00,2011-05-17 00:00:00,,True
ruby-on-rails-with-apache-on-ubuntu-9-10-karmic.md,2010-07-29 00:00:00,2011-05-17 00:00:00,,True
ruby-on-rails-with-nginx-on-centos-5.md,2009-08-21 00:00:00,2011-07-20 00:00:00,,True
ruby-on-rails-with-nginx-on-debian-5-lenny.md,2009-08-21 00:00:00,2011-08-22 00:00:00,,True
ruby-on-rails-with-nginx-on-debian-7-wheezy.md,2014-02-11 00:00:00,2014-12-09 00:00:00,,False
ruby-on-rails-with-nginx-on-ubuntu-10-04-lucid.md,2010-07-29 00:00:00,2014-02-05 00:00:00,,True
ruby-on-rails-with-nginx-on-ubuntu-10-10-maverick.md,2010-12-06 00:00:00,2012-10-08 00:00:00,,True
ruby-on-rails-with-nginx-on-ubuntu-12-04-precise.md,2014-02-05 00:00:00,2014-02-11 00:00:00,,True
ruby-on-rails-with-nginx-on-ubuntu-8-04-hardy.md,2009-08-21 00:00:00,2011-04-29 00:00:00,,True
ruby-on-rails-with-nginx-on-ubuntu-9-04-jaunty.md,2009-08-19 00:00:00,2011-04-29 00:00:00,,True
ruby-on-rails-with-nginx-on-ubuntu-9-10-karmic.md,2010-02-22 00:00:00,2011-04-29 00:00:00,,True
use-unicorn-and-nginx-on-ubuntu-14-04.md,2016-03-30 00:00:00,2016-03-30 00:00:00,,False
git-based-development-networks-with-girocco-on-debian-5-lenny.md,2010-06-23 00:00:00,2013-09-24 00:00:00,,True
how-to-configure-git.md,2009-09-04 00:00:00,2017-07-03 00:00:00,,False
how-to-install-git-and-clone-a-github-repository.md,2015-02-06 00:00:00,2015-02-06 00:00:00,,False
how-to-install-git-on-mac-and-windows.md,2009-09-04 00:00:00,2017-07-03 00:00:00,,False
how-to-unbundle-nginx-from-omnibus-gitlab-for-serving-multiple-websites.md,2016-02-29 00:00:00,2017-06-21 00:00:00,,False
install-gitlab-on-ubuntu-14-04-trusty-tahr.md,2014-09-04 00:00:00,2017-06-21 00:00:00,,False
install-gogs-on-debian-8-jessie.md,2015-10-09 00:00:00,2017-06-21 00:00:00,,False
introduction-to-version-control.md,2013-09-18 00:00:00,2013-09-18 00:00:00,,False
manage-distributed-source-branches-with-bazaar.md,2010-01-18 00:00:00,2011-05-23 00:00:00,,False
manage-distributed-version-control-with-mercurial.md,2010-04-26 00:00:00,2011-05-23 00:00:00,,False
manage-source-code-versions-with-subversion.md,2009-12-15 00:00:00,2011-06-07 00:00:00,,False
how-to-create-an-email-server-with-mail-in-a-box.md,2017-08-29 00:00:00,2017-08-30 00:00:00,,False
installing-mail-filtering-for-ubuntu-12-04.md,2014-03-26 00:00:00,2014-04-04 00:00:00,,True
running-a-mail-server.md,2013-06-05 00:00:00,2014-04-13 00:00:00,,False
using-google-apps-for-email.md,,2014-08-05 00:00:00,,False
email-with-citadel-on-debian-5-lenny.md,2009-11-09 00:00:00,2012-10-08 00:00:00,,True
email-with-citadel-on-debian-6-squeeze.md,2011-11-09 00:00:00,2011-11-09 00:00:00,,True
email-with-citadel-on-ubuntu-10-04-lts-lucid.md,2010-05-09 00:00:00,2013-09-25 00:00:00,,True
email-with-citadel-on-ubuntu-12-04-lts-precise-pangolin.md,2012-11-05 00:00:00,2014-08-15 00:00:00,,True
email-with-citadel-on-ubuntu-14-04.md,2012-11-05 00:00:00,2014-09-20 00:00:00,,False
email-with-citadel-on-ubuntu-9-04-jaunty.md,2009-11-09 00:00:00,2011-05-17 00:00:00,,True
email-with-citadel-on-ubuntu-9-10-karmic.md,2009-11-09 00:00:00,2011-05-17 00:00:00,,True
install-roundcube-on-ubuntu-14-04.md,2016-02-01 00:00:00,2016-02-01 00:00:00,,False
install-squirrelmail-on-ubuntu-16-04-or-debian-8.md,2014-01-14 00:00:00,2016-06-14 00:00:00,,False
installing-squirrelmail-on-debian-7.md,2014-01-14 00:00:00,2014-01-15 00:00:00,,True
installing-squirrelmail-on-ubuntu-12-04.md,2014-01-14 00:00:00,2014-01-15 00:00:00,,True
retrieve-email-using-getmail.md,2010-02-01 00:00:00,2017-08-22 00:00:00,,False
using-fetchmail-to-retrieve-email.md,2010-01-07 00:00:00,2013-09-11 00:00:00,,False
deploy-exim-as-a-send-only-mail-server-on-ubuntu-12-04.md,2012-11-12 00:00:00,2014-01-21 00:00:00,,True
sendonly-mail-server-with-exim-on-debian-5-lenny.md,2009-12-17 00:00:00,2012-10-08 00:00:00,,True
sendonly-mail-server-with-exim-on-debian-6-squeeze.md,2011-02-15 00:00:00,2011-05-13 00:00:00,,True
sendonly-mail-server-with-exim-on-ubuntu-10-04-lts-lucid.md,2010-05-03 00:00:00,2013-09-26 00:00:00,,True
sendonly-mail-server-with-exim-on-ubuntu-10-10-maverick.md,2010-12-06 00:00:00,2012-10-08 00:00:00,,True
sendonly-mail-server-with-exim-on-ubuntu-11-04-natty.md,2011-06-14 00:00:00,2013-02-18 00:00:00,,True
sendonly-mail-server-with-exim-on-ubuntu-9-10-karmic.md,2009-12-17 00:00:00,2011-04-29 00:00:00,,True
install-iredmail-on-ubuntu.md,2014-10-06 00:00:00,2017-10-27 00:00:00,,False
manage-email-lists-with-gnu-mailman-on-debian-5-lenny.md,2010-02-12 00:00:00,2012-10-08 00:00:00,,True
manage-email-lists-with-gnu-mailman-on-debian-6-squeeze.md,2011-04-05 00:00:00,2011-05-23 00:00:00,,True
manage-email-lists-with-gnu-mailman-on-ubuntu-10-04-lucid.md,2010-08-05 00:00:00,2013-09-26 00:00:00,,True
manage-email-lists-with-gnu-mailman-on-ubuntu-10-10-maverick.md,2010-12-06 00:00:00,2012-10-08 00:00:00,,True
manage-email-lists-with-gnu-mailman-on-ubuntu-12-04-precise-pangolin.md,2012-10-09 00:00:00,2012-10-09 00:00:00,,True
manage-email-lists-with-gnu-mailman-on-ubuntu-9-10-karmic.md,2010-03-19 00:00:00,2011-05-17 00:00:00,,True
basic-postfix-email-gateway-on-debian-5-lenny.md,2010-06-23 00:00:00,2012-10-08 00:00:00,,True
basic-postfix-email-gateway-on-debian-6-squeeze.md,2011-02-17 00:00:00,2013-09-25 00:00:00,,True
basic-postfix-email-gateway-on-ubuntu-10-04-lucid.md,2010-11-09 00:00:00,2013-09-25 00:00:00,,True
basic-postfix-email-gateway-on-ubuntu-10-10-maverick.md,2010-11-09 00:00:00,2012-10-08 00:00:00,,True
configure-postfix-to-send-mail-using-gmail-and-google-apps-on-debian-or-ubuntu.md,2016-12-13 00:00:00,2017-09-05 00:00:00,,False
configure-spf-and-dkim-in-postfix-on-debian-8.md,2016-02-03 00:00:00,2017-03-27 00:00:00,,False
email-with-postfix-courier-and-mysql-on-debian-5-lenny.md,2009-09-12 00:00:00,2011-05-17 00:00:00,,True
email-with-postfix-courier-and-mysql-on-fedora-12.md,2010-05-26 00:00:00,2011-05-17 00:00:00,,True
email-with-postfix-courier-and-mysql-on-fedora-13.md,2010-06-02 00:00:00,2011-05-17 00:00:00,,True
email-with-postfix-courier-and-mysql-on-ubuntu-8-04-hardy.md,2009-09-22 00:00:00,2011-05-17 00:00:00,,True
email-with-postfix-courier-and-mysql-on-ubuntu-9-04-jaunty.md,2009-09-14 00:00:00,2011-05-17 00:00:00,,True
email-with-postfix-courier-and-mysql-on-ubuntu-9-10-karmic.md,2009-10-29 00:00:00,2011-05-17 00:00:00,,True
email-with-postfix-dovecot-and-mariadb-on-centos-7.md,2015-03-26 00:00:00,2015-07-16 00:00:00,,False
email-with-postfix-dovecot-and-mysql-on-centos-5.md,2011-06-24 00:00:00,2015-03-26 00:00:00,,True
email-with-postfix-dovecot-and-mysql-on-centos-6.md,2015-03-26 00:00:00,2015-03-26 00:00:00,,False
email-with-postfix-dovecot-and-mysql-on-debian-5-lenny.md,2010-02-08 00:00:00,2012-10-08 00:00:00,,True
email-with-postfix-dovecot-and-mysql-on-debian-6-squeeze.md,2011-07-01 00:00:00,2011-07-01 00:00:00,,True
email-with-postfix-dovecot-and-mysql-on-ubuntu-10-04-lts-lucid.md,2010-05-09 00:00:00,2013-05-13 00:00:00,,True
email-with-postfix-dovecot-and-mysql-on-ubuntu-10-10-maverick.md,2010-10-12 00:00:00,2012-10-08 00:00:00,,True
email-with-postfix-dovecot-and-mysql-on-ubuntu-9-10-karmic.md,2010-02-26 00:00:00,2011-05-17 00:00:00,,True
email-with-postfix-dovecot-and-mysql.md,2013-05-13 00:00:00,2015-04-29 00:00:00,,False
pflogsumm-for-postfix-monitoring-on-centos-6.md,2014-02-05 00:00:00,2014-02-05 00:00:00,,False
postfix-dovecot-and-system-user-accounts-on-debian-5-lenny.md,2011-02-17 00:00:00,2012-10-08 00:00:00,,True
postfix-dovecot-and-system-user-accounts-on-debian-6-squeeze.md,2011-02-17 00:00:00,2013-09-25 00:00:00,2013-09-25 00:00:00,True
postfix-dovecot-and-system-user-accounts-on-ubuntu-10-04-lucid.md,2010-11-09 00:00:00,2013-09-25 00:00:00,2015-09-25 00:00:00,True
postfix-dovecot-and-system-user-accounts-on-ubuntu-10-10-maverick.md,2010-12-07 00:00:00,2012-10-08 00:00:00,2014-10-08 00:00:00,True
postfix-smtp-debian7.md,2014-05-30 00:00:00,2014-05-30 00:00:00,,False
troubleshooting-problems-with-postfix-dovecot-and-mysql.md,2013-07-22 00:00:00,2014-03-24 00:00:00,,False
email-and-calendars-with-zimbra-6-on-centos-5.md,2009-09-13 00:00:00,2011-05-17 00:00:00,,True
email-and-calendars-with-zimbra-6-on-debian-5-lenny.md,2010-04-26 00:00:00,2012-10-08 00:00:00,,True
email-and-calendars-with-zimbra-6-on-debian-6-squeeze.md,2011-02-15 00:00:00,2011-05-17 00:00:00,,True
email-and-calendars-with-zimbra-6-on-ubuntu-10-04-lts-lucid.md,2010-05-03 00:00:00,2011-05-17 00:00:00,,True
email-and-calendars-with-zimbra-6-on-ubuntu-8-04-hardy.md,2009-09-14 00:00:00,2011-05-17 00:00:00,,True
zimbra-on-ubuntu-14-04.md,2015-10-01 00:00:00,2015-10-01 00:00:00,,False
create-an-ark-survival-evolved-server-on-ubuntu-16-04.md,2016-12-28 00:00:00,2016-12-28 00:00:00,,False
deploy-just-cause-2-multiplayer-server-on-ubuntu.md,2015-10-09 00:00:00,2016-02-25 00:00:00,,False
garrys-mod-server-on-centos-7.md,2015-01-21 00:00:00,2016-02-25 00:00:00,,False
host-a-terraria-server-on-your-linode.md,2015-12-21 00:00:00,2017-04-03 00:00:00,,False
how-to-set-up-minecraft-server-on-ubuntu-or-debian.md,2015-01-28 00:00:00,2017-07-30 00:00:00,,False
install-a-half-life-2-deathmatch-dedicated-server-on-debian-or-ubuntu.md,2017-08-17 00:00:00,2017-08-17 00:00:00,,False
install-black-mesa-on-debian-or-ubuntu.md,2016-02-26 00:00:00,2016-02-26 00:00:00,,False
install-dont-starve-together-game-server-on-ubuntu.md,2015-04-14 00:00:00,2016-02-25 00:00:00,,False
install-steamcmd-for-a-steam-game-server.md,2016-02-15 00:00:00,2016-03-29 00:00:00,,False
install-teamspeak.md,2015-07-23 00:00:00,2015-07-23 00:00:00,,False
launch-a-counter-strike-global-offensive-server-on-ubuntu-14-04.md,2016-02-25 00:00:00,2016-02-29 00:00:00,,False
left-4-dead-2-multiplayer-server-installation.md,2016-02-25 00:00:00,2016-02-25 00:00:00,,False
minecraft-on-linode-with-ubuntu-12-04.md,2013-09-30 00:00:00,2013-10-01 00:00:00,,True
minecraft-with-bungee-cord.md,2015-09-09 00:00:00,2015-09-09 00:00:00,,False
minecraft-with-mcmyadmin-on-debian.md,2015-02-05 00:00:00,2016-02-03 00:00:00,,False
minecraft-with-spigot-ubuntu.md,2015-04-21 00:00:00,2015-04-21 00:00:00,,False
multicraft-on-debian.md,,2015-02-04 00:00:00,,False
multicraft-on-ubuntu.md,,2015-02-04 00:00:00,,False
pocketmine-server-on-debian-7.md,2015-04-02 00:00:00,2015-04-02 00:00:00,,False
team-fortress2-on-debian-and-ubuntu.md,2015-03-12 00:00:00,2016-02-25 00:00:00,,False
an-overview-of-ipv6-on-linode.md,2011-05-03 00:00:00,2017-11-02 00:00:00,,False
create-a-socks5-proxy-server-with-shadowsocks-on-ubuntu-and-centos7.md,2017-08-16 00:00:00,2017-08-16 00:00:00,,False
how-to-enable-native-ipv6-on-linux.md,2011-05-03 00:00:00,2016-06-24 00:00:00,,False
how-to-mount-nfs-shares-on-debian-8.md,2014-02-27 00:00:00,2017-10-27 00:00:00,,False
linux-static-ip-configuration.md,2014-07-20 00:00:00,2017-11-02 00:00:00,,False
remote-access.md,2016-08-23 00:00:00,2014-09-06 00:00:00,,False
set-up-an-ipv6-tunnel-on-your-linode.md,2011-04-29 00:00:00,2016-07-07 00:00:00,,False
using-the-linode-graphical-shell-glish.md,2015-08-28 00:00:00,2015-03-09 00:00:00,,False
using-the-linode-shell-lish.md,2009-08-04 00:00:00,2016-11-21 00:00:00,,False
diagnosing-network-issues-with-mtr.md,2010-04-28 00:00:00,2014-12-15 00:00:00,,False
install-iperf-to-diagnose-network-speed-in-linux.md,2015-01-12 00:00:00,2017-02-28 00:00:00,,False
install-ntopng-for-network-monitoring-on-debian8.md,2017-06-28 00:00:00,2017-09-13 00:00:00,,False
common-dns-configurations.md,2015-01-20 00:00:00,2015-01-20 00:00:00,,False
configure-your-linode-for-reverse-dns.md,2015-07-09 00:00:00,2017-07-27 00:00:00,,False
dns-manager-overview.md,2009-07-16 00:00:00,2017-05-24 00:00:00,,False
dns-records-an-introduction.md,2009-07-29 00:00:00,2017-11-02 00:00:00,,False
previewing-websites-without-dns.md,2014-01-16 00:00:00,2015-06-22 00:00:00,,False
provide-authoritative-dns-services-with-nsd-on-debian-5-lenny.md,2010-01-25 00:00:00,2012-10-08 00:00:00,,True
provide-authoritative-dns-services-with-nsd-on-debian-6-squeeze.md,2011-06-08 00:00:00,2011-06-08 00:00:00,,True
provide-authoritative-dns-services-with-nsd-on-fedora-13.md,2010-09-08 00:00:00,2011-05-17 00:00:00,,True
provide-authoritative-dns-services-with-nsd-on-fedora-14.md,2011-01-25 00:00:00,2013-09-25 00:00:00,,True
provide-authoritative-dns-services-with-nsd-on-ubuntu-10-04-lucid.md,2010-12-06 00:00:00,2013-09-25 00:00:00,,True
provide-authoritative-dns-services-with-nsd-on-ubuntu-10-10-maverick.md,2011-01-25 00:00:00,2012-10-08 00:00:00,,True
provide-authoritative-dns-services-with-nsd-on-ubuntu-11-04-natty.md,2011-06-08 00:00:00,2013-02-18 00:00:00,,True
provide-authoritative-dns-services-with-nsd-on-ubuntu-12-04.md,2012-10-09 00:00:00,2012-10-09 00:00:00,,True
provide-authoritative-dns-services-with-nsd-on-ubuntu-9-10-karmic.md,2010-08-27 00:00:00,2011-05-17 00:00:00,,True
use-dig-to-perform-manual-dns-queries.md,2010-10-13 00:00:00,2017-10-04 00:00:00,,False
use-unbound-for-local-dns-resolution-on-debian-5-lenny.md,2010-01-22 00:00:00,2012-10-08 00:00:00,,True
use-unbound-for-local-dns-resolution-on-debian-6-squeeze.md,2011-02-15 00:00:00,2011-05-13 00:00:00,,True
use-unbound-for-local-dns-resolution-on-fedora-13.md,2010-09-07 00:00:00,2013-07-15 00:00:00,,True
use-unbound-for-local-dns-resolution-on-fedora-14.md,2011-02-02 00:00:00,2012-10-08 00:00:00,,True
use-unbound-for-local-dns-resolution-on-fedora-15.md,2011-06-08 00:00:00,2013-09-25 00:00:00,,True
use-unbound-for-local-dns-resolution-on-ubuntu-10-04-lts-lucid.md,2010-05-03 00:00:00,2013-09-25 00:00:00,,True
use-unbound-for-local-dns-resolution-on-ubuntu-10-10-maverick.md,2011-02-02 00:00:00,2012-10-08 00:00:00,,True
use-unbound-for-local-dns-resolution-on-ubuntu-11-04-natty.md,2011-06-08 00:00:00,2013-02-18 00:00:00,,True
use-unbound-for-local-dns-resolution-on-ubuntu-12-04-lts-precise-pangolin.md,2012-10-09 00:00:00,2012-10-09 00:00:00,,True
use-unbound-for-local-dns-resolution-on-ubuntu-9-10-karmic.md,2010-09-07 00:00:00,2013-07-15 00:00:00,,True
using-your-systems-hosts-file.md,2017-09-14 00:00:00,2017-10-10 00:00:00,,False
squid-http-proxy-centos-6-4.md,2014-03-03 00:00:00,2014-03-03 00:00:00,,False
squid-http-proxy-ubuntu-12-04.md,2014-03-03 00:00:00,2016-08-07 00:00:00,,True
install-mosh-server-as-ssh-alternative-on-linux.md,2013-01-20 00:00:00,2017-08-18 00:00:00,,False
setting-up-an-ssh-tunnel-with-your-linode-for-safe-browsing.md,2014-02-17 00:00:00,2014-02-17 00:00:00,,False
ssh-connections-using-putty-on-windows.md,2009-09-20 00:00:00,2017-10-09 00:00:00,,False
using-gnu-screen-to-manage-persistent-terminal-sessions.md,2010-04-02 00:00:00,2014-01-13 00:00:00,,False
using-sshfs-on-linux.md,2009-10-26 00:00:00,2017-05-23 00:00:00,,False
using-the-terminal.md,2009-08-02 00:00:00,2017-02-15 00:00:00,,False
configure-openvpn-access-server-to-tunnel-traffic.md,2016-11-03 00:00:00,2016-11-03 00:00:00,,False
configuring-openvpn-client-devices.md,2015-12-09 00:00:00,2017-09-26 00:00:00,,False
install-openvpn-access-server-on-linux.md,2015-04-30 00:00:00,2017-10-11 00:00:00,,False
pritunl-vpn-ubuntu.md,2015-07-27 00:00:00,2015-07-27 00:00:00,,False
secure-communications-with-openvpn-on-centos-6.md,2010-02-25 00:00:00,2013-12-23 00:00:00,,False
secure-communications-with-openvpn-on-debian-5-lenny.md,2010-02-24 00:00:00,2012-10-08 00:00:00,,True
secure-communications-with-openvpn-on-debian-6-squeeze.md,2011-04-05 00:00:00,2013-08-22 00:00:00,,True
secure-communications-with-openvpn-on-ubuntu-10-04-lucid.md,2010-05-10 00:00:00,2013-08-22 00:00:00,,True
secure-communications-with-openvpn-on-ubuntu-10-10-maverick.md,2010-11-29 00:00:00,2012-10-08 00:00:00,,True
secure-communications-with-openvpn-on-ubuntu-12-04-precise-and-debian-7.md,2013-08-22 00:00:00,2014-02-17 00:00:00,,True
secure-communications-with-openvpn-on-ubuntu-9-10-karmic.md,2010-02-24 00:00:00,2011-05-17 00:00:00,,True
set-up-a-hardened-openvpn-server.md,2015-12-09 00:00:00,2017-09-26 00:00:00,,False
set-up-a-streisand-gateway.md,2017-09-12 00:00:00,2017-10-13 00:00:00,,False
tunnel-your-internet-traffic-through-an-openvpn-server.md,2015-12-09 00:00:00,2017-09-27 00:00:00,,False
accounts-and-passwords.md,2012-04-03 00:00:00,2014-02-10 00:00:00,,False
automating-server-builds.md,2013-06-28 00:00:00,2015-04-15 00:00:00,,False
billing-and-payments.md,2014-02-28 00:00:00,2017-03-15 00:00:00,,False
how-to-use-block-storage-with-your-linode.md,2017-06-16 00:00:00,2017-06-16 00:00:00,,False
kvm-reference.md,2015-06-15 00:00:00,2016-09-14 00:00:00,,False
linode-backup-service.md,2012-03-14 00:00:00,2017-02-24 00:00:00,,False
linode-beginners-guide.md,2009-11-16 00:00:00,2017-03-02 00:00:00,,False
linode-cli.md,2014-01-27 00:00:00,2016-06-20 00:00:00,,False
linode-images.md,2014-09-25 00:00:00,2017-09-08 00:00:00,,False
linode-managed.md,2013-02-12 00:00:00,2014-05-10 00:00:00,,False
network-helper.md,,2017-04-28 00:00:00,,False
package-mirrors.md,2014-02-11 00:00:00,2016-11-21 00:00:00,,False
prepaid-billing-and-payments-legacy.md,2012-04-05 00:00:00,2017-02-15 00:00:00,,True
stackscripts.md,2011-04-05 00:00:00,2014-11-12 00:00:00,,False
support.md,2012-03-21 00:00:00,2013-08-26 00:00:00,,False
upgrade-to-hourly-billing.md,2017-02-15 00:00:00,2017-02-15 00:00:00,,False
use-coreos-container-linux-on-linode.md,2017-06-08 00:00:00,2017-07-17 00:00:00,,False
api-key.md,2014-01-27 00:00:00,2014-02-14 00:00:00,,False
clone-your-linode.md,2016-11-21 00:00:00,2017-02-15 00:00:00,,False
copying-a-disk-image-over-ssh.md,2012-06-04 00:00:00,2017-04-13 00:00:00,,False
copying-a-disk-image-to-a-different-account.md,2012-06-01 00:00:00,2014-06-12 00:00:00,,False
disk-images-and-configuration-profiles.md,2012-04-24 00:00:00,2014-06-19 00:00:00,,False
migrating-a-server-to-your-linode.md,2012-05-24 00:00:00,2017-04-03 00:00:00,,True
resizing-a-linode.md,2017-02-14 00:00:00,2017-03-02 00:00:00,,False
switch-to-a-64-bit-linux-kernel.md,2014-04-14 00:00:00,2016-10-13 00:00:00,,False
longview-app-for-apache.md,2013-11-04 00:00:00,2014-01-06 00:00:00,,False
longview-app-for-mysql.md,2013-11-06 00:00:00,2013-11-06 00:00:00,,False
longview-app-for-nginx.md,2013-11-05 00:00:00,2013-11-12 00:00:00,,False
longview.md,2013-03-27 00:00:00,2017-05-26 00:00:00,,False
migrate-from-shared-hosting-to-linode.md,2013-10-18 00:00:00,2016-09-19 00:00:00,,False
getting-started-with-nodebalancers.md,2015-02-12 00:00:00,2015-12-18 00:00:00,,False
nodebalancer-reference-guide.md,2011-07-08 00:00:00,2017-02-23 00:00:00,,False
nodebalancer-ssl-configuration.md,2015-09-01 00:00:00,2017-04-06 00:00:00,,False
log-in-to-coreos-container-linux.md,2017-05-08 00:00:00,2017-05-08 00:00:00,,False
add-caa-dns-records.md,2017-11-03 00:00:00,2017-11-03 00:00:00,,False
deploy-an-image-to-a-linode.md,2017-05-08 00:00:00,2017-05-08 00:00:00,,False
enable-backups-on-a-linode.md,2017-05-08 00:00:00,2017-05-08 00:00:00,,False
find-your-linodes-ip-address.md,2017-09-21 00:00:00,2017-09-21 00:00:00,,False
reset-the-root-password-on-your-linode.md,2017-05-08 00:00:00,2017-05-08 00:00:00,,False
resize-a-linode-disk.md,2017-05-08 00:00:00,2017-05-08 00:00:00,,False
how-to-change-selinux-modes.md,2017-06-22 00:00:00,2017-10-18 00:00:00,,False
how-to-install-configure-and-run-fish.md,2017-07-18 00:00:00,2017-07-18 00:00:00,,False
how-to-use-git.md,2017-06-19 00:00:00,2017-07-17 00:00:00,,False
how-to-use-grep.md,2017-04-10 00:00:00,2017-04-10 00:00:00,,False
how-to-use-head.md,2017-04-10 00:00:00,2017-04-10 00:00:00,,False
how-to-use-tail.md,2017-04-10 00:00:00,2017-04-10 00:00:00,,False
how-to-use-wget.md,2017-06-19 00:00:00,2017-06-12 00:00:00,,False
install-selinux-on-ubuntu.md,2017-06-30 00:00:00,2017-06-30 00:00:00,,False
linux-command-line-tips.md,2017-04-13 00:00:00,2017-07-17 00:00:00,,False
use-nano-to-edit-files-in-linux.md,2017-05-04 00:00:00,2017-05-04 00:00:00,,False
linode-writers-formatting-guide.md,2014-01-15 00:00:00,2017-06-30 00:00:00,,False
advanced-ssh-server-security.md,2017-04-07 00:00:00,2017-04-07 00:00:00,,False
full-disk-encryption-xen.md,2013-07-05 00:00:00,2014-06-19 00:00:00,,True
getting-started-with-selinux.md,2017-07-21 00:00:00,2017-07-21 00:00:00,,False
gpg-key-for-ssh-authentication.md,2016-10-03 00:00:00,2016-10-03 00:00:00,,False
how-to-set-up-tinc-peer-to-peer-vpn.md,2017-09-19 00:00:00,2017-09-20 00:00:00,,False
how-to-use-yubikey-for-two-factor-ssh-authentication.md,2017-08-28 00:00:00,2017-09-06 00:00:00,,False
install-openvas-on-ubuntu-16-04.md,2017-02-06 00:00:00,2016-12-19 00:00:00,,False
linode-manager-security-controls.md,2013-05-02 00:00:00,2014-10-23 00:00:00,,False
ossec-ids-debian-7.md,,2015-02-05 00:00:00,,False
recovering-from-a-system-compromise.md,2009-08-26 00:00:00,2013-07-12 00:00:00,,False
securing-your-server.md,2012-02-17 00:00:00,2017-10-27 00:00:00,,False
use-luks-for-full-disk-encryption.md,2016-11-02 00:00:00,2016-11-02 00:00:00,,False
use-one-time-passwords-for-two-factor-authentication-with-ssh-on-centos-7.md,2016-11-18 00:00:00,2016-11-18 00:00:00,,False
use-one-time-passwords-for-two-factor-authentication-with-ssh-on-ubuntu-16-04-and-debian-8.md,2016-11-18 00:00:00,2016-11-18 00:00:00,,False
use-public-key-authentication-with-ssh.md,2011-04-05 00:00:00,2017-03-23 00:00:00,,False
using-fail2ban-for-security.md,2015-10-12 00:00:00,2017-08-23 00:00:00,,False
backing-up-your-data.md,2013-04-04 00:00:00,2013-04-04 00:00:00,,False
using-rdiff-backup-with-sshfs.md,2009-09-14 00:00:00,2012-04-13 00:00:00,,False
configure-a-firewall-with-arno-iptables-in-debian-5-lenny.md,2009-08-06 00:00:00,2013-10-01 00:00:00,,True
configure-firewall-with-ufw.md,2015-11-17 00:00:00,2015-12-01 00:00:00,,False
control-network-traffic-with-iptables.md,2010-07-30 00:00:00,2017-02-28 00:00:00,,False
introduction-to-firewalld-on-centos.md,2015-09-28 00:00:00,2015-10-12 00:00:00,,False
protecting-your-linode-using-tcp-wrappers.md,2015-04-30 00:00:00,2015-04-30 00:00:00,,False
disabling-sslv3-for-poodle.md,2014-10-15 00:00:00,2014-10-20 00:00:00,,False
patching-bash-for-the-shellshock-vulnerability.md,2014-09-29 00:00:00,2014-09-28 00:00:00,,False
patching-glibc-for-the-ghost-vulnerability.md,2015-01-29 00:00:00,2015-01-28 00:00:00,,False
patching-openssl-for-the-heartbleed-vulnerability.md,2014-04-08 00:00:00,2014-06-17 00:00:00,,False
create-a-self-signed-certificate-on-centos-and-fedora.md,2009-11-16 00:00:00,2016-08-16 00:00:00,,False
create-a-self-signed-certificate-on-debian-and-ubuntu.md,2009-11-16 00:00:00,2016-08-16 00:00:00,,False
enable-ssl-for-https-configuration-on-nginx.md,2010-11-08 00:00:00,2014-06-10 00:00:00,,False
how-to-make-a-selfsigned-ssl-certificate.md,2009-11-16 00:00:00,2011-06-14 00:00:00,,True
install-lets-encrypt-to-create-ssl-certificates.md,2016-02-25 00:00:00,2016-09-29 00:00:00,,False
multiple-ssl-sites-using-subjectaltname.md,2009-11-16 00:00:00,2012-11-14 00:00:00,,False
obtain-a-commercially-signed-ssl-certificate-on-centos-and-fedora.md,2016-08-19 00:00:00,2016-08-19 00:00:00,,False
obtain-a-commercially-signed-ssl-certificate-on-debian-and-ubuntu.md,2016-08-19 00:00:00,2016-08-19 00:00:00,,False
obtaining-a-commercial-ssl-certificate.md,2009-11-16 00:00:00,2016-08-17 00:00:00,,True
ssl-apache2-centos.md,2014-11-19 00:00:00,2016-08-17 00:00:00,,False
ssl-apache2-debian-ubuntu.md,2014-11-19 00:00:00,2016-08-24 00:00:00,,False
ssl-certificates-with-apache-2-on-centos.md,2010-02-26 00:00:00,2014-10-21 00:00:00,,True
ssl-certificates-with-apache-2-on-debian-5-lenny.md,2009-08-23 00:00:00,2012-10-15 00:00:00,,True
ssl-certificates-with-apache-2-on-fedora-12.md,2010-02-26 00:00:00,2011-04-29 00:00:00,,True
ssl-certificates-with-apache-2-on-fedora-14.md,2011-04-05 00:00:00,2013-10-04 00:00:00,,True
ssl-certificates-with-apache-2-on-ubuntu-10-04-lucid.md,2010-08-09 00:00:00,2013-10-04 00:00:00,,True
ssl-certificates-with-apache-2-on-ubuntu-10-10-maverick.md,2010-12-07 00:00:00,2012-10-08 00:00:00,,True
ssl-certificates-with-apache-2-on-ubuntu-9-10-karmic.md,2010-02-26 00:00:00,2011-04-29 00:00:00,,True
how-to-upgrade-to-debian-6-squeeze.md,2011-02-05 00:00:00,2013-10-01 00:00:00,,True
how-to-upgrade-to-debian-7-wheezy.md,2013-05-10 00:00:00,2013-05-10 00:00:00,,True
how-to-upgrade-to-ubuntu-10-04-lts-lucid.md,2010-04-29 00:00:00,2013-10-01 00:00:00,,True
how-to-upgrade-to-ubuntu-10-10-maverick.md,2010-10-13 00:00:00,2013-05-10 00:00:00,,True
how-to-upgrade-to-ubuntu-11-04-natty.md,2011-04-28 00:00:00,2013-05-10 00:00:00,,True
how-to-upgrade-to-ubuntu-11-10-oneiric.md,2011-10-13 00:00:00,2013-05-10 00:00:00,,True
how-to-upgrade-to-ubuntu-12-04-precise.md,2012-06-01 00:00:00,2013-02-05 00:00:00,,True
how-to-upgrade-to-ubuntu-14-04-lts.md,2014-10-21 00:00:00,2015-02-22 00:00:00,,False
updating-virtual-host-settings-from-apache-2-2-to-apache-2-4.md,2014-03-12 00:00:00,2014-03-12 00:00:00,,False
upgrade-to-debian-8-jessie.md,2015-04-29 00:00:00,2015-04-29 00:00:00,,False
upgrade-to-ubuntu-16-04.md,2016-04-26 00:00:00,2017-03-15 00:00:00,,False
how-to-grep-for-text-in-files.md,2010-06-30 00:00:00,2011-05-04 00:00:00,,False
how-to-install-neovim-and-plugins-with-vim-plug.md,2017-10-02 00:00:00,2017-10-02 00:00:00,,False
introduction-to-linux-concepts.md,2009-08-31 00:00:00,2013-12-19 00:00:00,,False
linux-package-management.md,2009-07-16 00:00:00,2017-02-23 00:00:00,,False
linux-system-administration-basics.md,2009-12-13 00:00:00,2016-10-05 00:00:00,,False
linux-users-and-groups.md,2009-08-31 00:00:00,2017-03-23 00:00:00,,False
modify-file-permissions-with-chmod.md,2010-07-01 00:00:00,2011-07-07 00:00:00,,False
custom-compiled-kernel-centos-7.md,2016-08-02 00:00:00,2017-08-01 00:00:00,,False
custom-compiled-kernel-debian-ubuntu.md,2017-08-01 00:00:00,2017-08-01 00:00:00,,False
custom-compiled-kernel-with-pvgrub-centos-7.md,2010-07-17 00:00:00,2015-04-14 00:00:00,,True
custom-compiled-kernel-with-pvgrub-debian-ubuntu.md,2015-04-03 00:00:00,2015-04-03 00:00:00,,True
custom-compiled-kernel-with-pvgrub-on-arch.md,2010-07-17 00:00:00,2014-06-19 00:00:00,,True
install-a-custom-distribution-on-a-linode.md,2017-03-02 00:00:00,2017-06-26 00:00:00,,False
install-a-custom-distribution-on-a-xen-linode.md,2009-08-18 00:00:00,2014-10-08 00:00:00,,True
install-alpine-linux-on-your-linode.md,2016-09-22 00:00:00,2016-09-22 00:00:00,,False
install-coreos-on-your-linode.md,2016-01-07 00:00:00,2016-01-08 00:00:00,,True
install-freebsd-on-linode.md,2016-03-14 00:00:00,2016-03-14 00:00:00,,False
install-nixos-on-linode.md,2017-06-16 00:00:00,2017-06-16 00:00:00,,False
run-a-custom-compiled-kernel-with-pvgrub.md,2010-07-17 00:00:00,2014-06-19 00:00:00,,True
run-a-distribution-supplied-kernel-with-kvm.md,2015-06-29 00:00:00,2017-03-03 00:00:00,,False
run-a-distribution-supplied-kernel.md,2015-06-29 00:00:00,2017-10-18 00:00:00,,False
run-a-distributionsupplied-kernel-with-pvgrub.md,2009-09-09 00:00:00,2014-08-20 00:00:00,2015-08-20 00:00:00,True
use-the-distribution-supplied-kernel-on-centos-6-with-grub-legacy.md,2017-03-10 00:00:00,2017-03-10 00:00:00,,False
filezilla.md,2014-10-13 00:00:00,2014-10-13 00:00:00,,False
transfer-files-with-cyberduck-on-mac-os-x.md,2009-11-13 00:00:00,2011-08-22 00:00:00,,True
transfer-files-with-filezilla-on-ubuntu-9-10-desktop.md,2009-11-13 00:00:00,2011-08-22 00:00:00,,True
transfer-files-with-winscp-on-windows.md,2009-10-19 00:00:00,2011-08-22 00:00:00,,True
install-mosh-server-as-ssh-alternative-on-linux.md,2013-01-20 00:00:00,2017-08-18 00:00:00,,False
archiving-and-compressing-files-with-gnu-tar-and-gnu-zip.md,2010-07-27 00:00:00,2011-08-22 00:00:00,,False
create-file-system-links-with-ln.md,2010-10-11 00:00:00,2011-05-17 00:00:00,,False
download-resources-from-the-command-line-with-wget.md,2010-10-25 00:00:00,2011-05-17 00:00:00,,False
find-files-in-linux-using-the-command-line.md,2010-10-25 00:00:00,2016-09-15 00:00:00,,False
how-to-install-midnight-commander.md,2017-09-11 00:00:00,2017-09-12 00:00:00,,False
introduction-to-rsync.md,2009-09-08 00:00:00,2017-09-14 00:00:00,,False
introduction-to-vim-customization.md,2017-08-21 00:00:00,2017-08-22 00:00:00,,False
limiting-access-with-sftp-jails-on-debian-and-ubuntu.md,2010-01-06 00:00:00,2014-04-16 00:00:00,,False
load-testing-with-siege.md,2015-02-18 00:00:00,2015-02-18 00:00:00,,False
manipulate-lists-with-sort-and-uniq.md,2010-11-29 00:00:00,2011-04-19 00:00:00,,False
manipulate-text-from-the-command-line-with-sed.md,2010-07-01 00:00:00,2017-03-23 00:00:00,,False
schedule-tasks-with-cron.md,2009-12-15 00:00:00,2011-05-17 00:00:00,,False
synchronize-files-with-unison.md,2010-04-20 00:00:00,2017-08-23 00:00:00,,True
use-killall-and-kill-to-stop-processes.md,2010-11-29 00:00:00,2017-03-23 00:00:00,,False
use-nano-text-editor-commands.md,2011-11-08 00:00:00,2011-11-08 00:00:00,,False
use-the-date-command-in-linux.md,2010-08-23 00:00:00,2017-08-21 00:00:00,,False
view-and-follow-the-end-of-text-files-with-tail.md,2010-11-29 00:00:00,2011-05-17 00:00:00,,False
view-the-beginning-of-text-files-with-head.md,2010-10-25 00:00:00,2011-04-19 00:00:00,,False
rescue-and-rebuild.md,2012-05-31 00:00:00,2016-08-18 00:00:00,,False
troubleshooting-common-apache-issues.md,2009-11-06 00:00:00,2017-10-04 00:00:00,,False
troubleshooting-memory-and-networking-issues.md,2009-08-05 00:00:00,2013-11-19 00:00:00,,False
troubleshooting.md,2012-04-05 00:00:00,2017-03-06 00:00:00,,False
monitoring-and-maintaining-your-server.md,2012-08-22 00:00:00,2017-02-22 00:00:00,,False
reboot-survival-guide.md,2015-02-27 00:00:00,2015-10-28 00:00:00,,False
set-up-a-zipkin-server-with-sample-website-tracking.md,2017-09-28 00:00:00,2017-09-28 00:00:00,,False
google-analytics-for-websites.md,2015-01-29 00:00:00,2015-01-29 00:00:00,,False
google-analytics-on-wordpress.md,2015-01-29 00:00:00,2015-01-29 00:00:00,,False
open-web-analytics-install-and-launch-on-your-server.md,2016-01-05 00:00:00,2016-01-05 00:00:00,,False
piwik-on-centos-5.md,2010-02-22 00:00:00,2014-01-28 00:00:00,,True
piwik-on-debian-5-lenny.md,2009-12-10 00:00:00,2014-01-28 00:00:00,,True
piwik-on-fedora-13.md,2010-12-28 00:00:00,2013-10-01 00:00:00,,True
piwik-on-ubuntu-10-04-lucid.md,2010-12-06 00:00:00,2013-10-01 00:00:00,,True
piwik-on-ubuntu-10-10-maverick.md,2011-01-25 00:00:00,2012-10-08 00:00:00,,True
piwik-on-ubuntu-12-04-precise-pangolin.md,2012-10-10 00:00:00,2014-01-28 00:00:00,,True
piwik-on-ubuntu-9-04-jaunty.md,2009-12-23 00:00:00,2011-04-27 00:00:00,,True
piwik-on-ubuntu-9-10-karmic.md,2009-12-23 00:00:00,2011-04-27 00:00:00,,True
webalizer-on-centos-5.md,2010-04-17 00:00:00,2011-12-02 00:00:00,,True
webalizer-on-debian-5-lenny.md,2010-01-27 00:00:00,2011-05-17 00:00:00,,True
how-to-use-haproxy-for-load-balancing.md,2017-10-30 00:00:00,2017-11-01 00:00:00,,False
use-nginx-as-a-front-end-proxy-and-software-load-balancer.md,2010-05-11 00:00:00,2017-03-23 00:00:00,,False
use-logrotate-to-manage-log-files.md,2010-10-11 00:00:00,2017-08-22 00:00:00,,False
deploy-munin-to-monitor-servers-on-ubuntu-12-04.md,2012-10-09 00:00:00,2012-10-09 00:00:00,2014-10-09 00:00:00,True
how-to-install-and-configure-graylog2-on-debian-9.md,2017-09-14 00:00:00,2017-08-15 00:00:00,,False
how-to-install-graphite-and-grafana-on-ubuntu-14-04.md,2015-12-02 00:00:00,2015-12-02 00:00:00,,False
install-nagios-4-on-ubuntu-debian-8.md,2016-04-12 00:00:00,2016-04-12 00:00:00,,False
logwatch-log-monitoring.md,2010-09-10 00:00:00,2011-04-19 00:00:00,,True
monitor-services-with-nagios-on-debian-5-lenny.md,2010-04-21 00:00:00,2011-06-30 00:00:00,,True
monitor-services-with-nagios-on-gentoo-linux.md,2010-11-15 00:00:00,2013-10-01 00:00:00,,True
monitor-services-with-nagios-on-ubuntu-10-04-lucid.md,2010-05-26 00:00:00,2013-10-01 00:00:00,,True
monitor-services-with-nagios-on-ubuntu-10-10-maverick.md,2010-11-15 00:00:00,2012-10-08 00:00:00,,True
monitor-services-with-nagios-on-ubuntu-12-04.md,2012-11-07 00:00:00,2013-04-05 00:00:00,,True
monitor-system-logs-with-logwatch-on-debian-5-lenny.md,2010-09-11 00:00:00,2011-04-27 00:00:00,,True
monitor-system-logs-with-logwatch-on-fedora-13.md,2010-10-25 00:00:00,2012-10-08 00:00:00,,True
monitor-system-logs-with-logwatch-on-fedora-14.md,2011-04-05 00:00:00,2013-10-01 00:00:00,,True
monitor-system-logs-with-logwatch-on-ubuntu-10-04-lucid.md,2010-09-11 00:00:00,2013-10-01 00:00:00,,True
monitor-system-logs-with-logwatch-on-ubuntu-10-10-maverick.md,2011-04-05 00:00:00,2012-10-08 00:00:00,,True
monitor-system-logs-with-logwatch-on-ubuntu-12-04-precise-pangolin.md,2012-10-22 00:00:00,2012-10-22 00:00:00,,True
monitor-systems-logwatch.md,2015-08-12 00:00:00,2015-08-12 00:00:00,,False
monitoring-resource-utilization-with-cacti-on-centos-5.md,2010-02-12 00:00:00,2011-04-29 00:00:00,2013-04-29 00:00:00,True
monitoring-resource-utilization-with-cacti-on-debian-5-lenny.md,2010-01-18 00:00:00,2012-10-08 00:00:00,,True
monitoring-resource-utilization-with-cacti-on-debian-6-squeeze.md,2011-11-09 00:00:00,2011-11-09 00:00:00,,True
monitoring-resource-utilization-with-cacti-on-fedora-12.md,2010-02-11 00:00:00,2013-10-01 00:00:00,2015-10-01 00:00:00,True
monitoring-resource-utilization-with-cacti-on-ubuntu-10-04-lucid.md,2010-05-18 00:00:00,2013-10-01 00:00:00,,True
monitoring-resource-utilization-with-cacti-on-ubuntu-9-10-karmic.md,2010-02-22 00:00:00,2011-04-29 00:00:00,,True
monitoring-servers-with-monit.md,2015-10-15 00:00:00,2015-10-15 00:00:00,,False
monitoring-servers-with-munin-on-debian-5-lenny.md,2010-01-07 00:00:00,2012-10-08 00:00:00,2013-10-08 00:00:00,True
monitoring-servers-with-munin-on-debian-6-squeeze.md,2011-04-05 00:00:00,2011-11-18 00:00:00,2013-11-18 00:00:00,True
monitoring-servers-with-munin-on-fedora-14.md,2010-01-07 00:00:00,2013-10-01 00:00:00,2015-10-01 00:00:00,True
monitoring-servers-with-munin-on-ubuntu-10-04-lucid.md,2010-05-20 00:00:00,2013-10-01 00:00:00,,True
monitoring-servers-with-munin-on-ubuntu-11-04-natty.md,2011-11-14 00:00:00,2013-02-18 00:00:00,,True
monitoring-servers-with-munin-on-ubuntu-8-04-hardy.md,2010-02-22 00:00:00,2011-05-17 00:00:00,2013-05-17 00:00:00,True
monitoring-servers-with-munin-on-ubuntu-9-10-karmic.md,2010-01-22 00:00:00,2011-05-17 00:00:00,2013-05-17 00:00:00,True
monitoring-servers-with-zabbix.md,2012-08-20 00:00:00,2012-08-20 00:00:00,,True
nagios-server-monitoring.md,2010-11-30 00:00:00,2011-04-19 00:00:00,,True
top-htop-iotop.md,2015-02-19 00:00:00,2015-02-19 00:00:00,,False
use-cacti-to-monitor-resource-utilization-on-ubuntu-12-04.md,2012-10-11 00:00:00,2012-10-11 00:00:00,,True
use-vmstat-to-monitor-system-performance.md,2010-10-13 00:00:00,2017-10-04 00:00:00,,False
apache-2-web-server-on-centos-5.md,2009-07-27 00:00:00,2013-11-18 00:00:00,,True
apache-2-web-server-on-debian-5-lenny.md,2009-07-27 00:00:00,2012-10-08 00:00:00,,True
apache-2-web-server-on-debian-6-squeeze.md,2011-02-23 00:00:00,2013-10-04 00:00:00,,True
apache-2-web-server-on-fedora-12.md,2009-12-10 00:00:00,2011-04-29 00:00:00,,True
apache-2-web-server-on-fedora-13.md,2010-05-28 00:00:00,2011-04-29 00:00:00,,True
apache-2-web-server-on-fedora-14.md,2010-12-07 00:00:00,2013-10-04 00:00:00,,True
apache-2-web-server-on-ubuntu-10-04-lts-lucid.md,2010-04-29 00:00:00,2013-10-04 00:00:00,,True
apache-2-web-server-on-ubuntu-10-10-maverick.md,2010-12-06 00:00:00,2012-10-08 00:00:00,,True
apache-2-web-server-on-ubuntu-8-04-lts-hardy.md,2009-08-11 00:00:00,2011-05-17 00:00:00,,True
apache-2-web-server-on-ubuntu-9-04-jaunty.md,2009-08-13 00:00:00,2011-04-29 00:00:00,2013-04-29 00:00:00,True
apache-2-web-server-on-ubuntu-9-10-karmic.md,2009-10-29 00:00:00,2011-05-17 00:00:00,,True
apache-access-control.md,2009-12-07 00:00:00,2015-11-20 00:00:00,,False
apache-and-mod-wsgi-on-ubuntu-10-10-maverick.md,2011-02-24 00:00:00,2012-10-08 00:00:00,,True
apache-and-modwsgi-on-debian-5-lenny.md,2011-02-17 00:00:00,2012-10-08 00:00:00,,True
apache-and-modwsgi-on-debian-6-squeeze.md,2011-04-05 00:00:00,2012-01-26 00:00:00,,True
apache-and-modwsgi-on-fedora-14.md,2011-04-05 00:00:00,2013-10-04 00:00:00,,True
apache-and-modwsgi-on-ubuntu-10-04-lucid.md,2011-04-05 00:00:00,2013-10-04 00:00:00,,True
apache-and-modwsgi-on-ubuntu-12-04-precise-pangolin.md,2012-10-18 00:00:00,2015-11-18 00:00:00,,True
apache-and-modwsgi-on-ubuntu-14-04-precise-pangolin.md,2015-11-18 00:00:00,2015-11-18 00:00:00,,False
apache-web-server-debian-7.md,2013-09-05 00:00:00,2014-01-10 00:00:00,,False
apache-web-server-debian-8.md,2015-06-29 00:00:00,2017-09-05 00:00:00,,False
apache-web-server-on-centos-6.md,2013-11-11 00:00:00,2015-07-31 00:00:00,,False
apache-web-server-on-ubuntu-14-04.md,2015-07-31 00:00:00,2017-09-05 00:00:00,,False
apache-web-server-ubuntu-12-04.md,2012-10-10 00:00:00,2015-07-15 00:00:00,,True
authbased-access-control-with-apache.md,2009-12-07 00:00:00,2011-08-22 00:00:00,2013-08-22 00:00:00,True
host-your-own-rss-reader-with-tiny-tiny-rss-on-centos-7.md,2017-03-30 00:00:00,2017-03-30 00:00:00,,False
how-to-set-up-htaccess-on-apache.md,2017-09-25 00:00:00,2017-09-26 00:00:00,,False
install-and-configure-apache-on-centos-7.md,2016-11-18 00:00:00,2017-09-05 00:00:00,,False
install-php-fpm-and-apache-on-debian-8.md,2016-02-19 00:00:00,2017-02-21 00:00:00,,False
multiple-web-servers-with-proxypass-on-debian-5-lenny.md,2009-11-30 00:00:00,2012-10-08 00:00:00,,True
multiple-web-servers-with-proxypass-on-fedora-12.md,2010-02-04 00:00:00,2011-04-29 00:00:00,,True
multiple-web-servers-with-proxypass-on-fedora-14.md,2011-02-23 00:00:00,2013-10-04 00:00:00,,True
multiple-web-servers-with-proxypass-on-ubuntu-10-04-lucid.md,2010-05-03 00:00:00,2013-10-04 00:00:00,,True
multiple-web-servers-with-proxypass-on-ubuntu-10-10-maverick.md,2010-10-22 00:00:00,2012-10-08 00:00:00,,True
multiple-web-servers-with-proxypass-on-ubuntu-9-10-karmic.md,2010-02-04 00:00:00,2011-04-29 00:00:00,,True
run-php-applications-under-cgi-with-apache-on-centos-5.md,2010-02-03 00:00:00,2014-01-14 00:00:00,,True
run-php-applications-under-cgi-with-apache-on-debian-5-lenny.md,2009-12-18 00:00:00,2014-01-13 00:00:00,,True
run-php-applications-under-cgi-with-apache-on-fedora-12.md,2010-02-03 00:00:00,2012-10-08 00:00:00,,True
run-php-applications-under-cgi-with-apache-on-fedora-13.md,2010-08-05 00:00:00,2013-10-04 00:00:00,,True
run-php-applications-under-cgi-with-apache-on-ubuntu-10-04-lts-lucid.md,2010-05-03 00:00:00,2013-10-04 00:00:00,,True
run-php-applications-under-cgi-with-apache-on-ubuntu-10-10-maverick.md,2010-12-06 00:00:00,2012-10-08 00:00:00,,True
run-php-applications-under-cgi-with-apache-on-ubuntu-8-04-hardy.md,2010-02-22 00:00:00,2012-10-08 00:00:00,,True
run-php-applications-under-cgi-with-apache-on-ubuntu-9-10-karmic.md,2010-02-17 00:00:00,2012-10-08 00:00:00,,True
run-php-cgi-apache-centos-6.md,2014-01-14 00:00:00,2014-01-14 00:00:00,,True
run-php-cgi-apache-ubuntu-12-04.md,2012-10-31 00:00:00,2012-10-31 00:00:00,,True
run-php-cgi-apapache-debian-7.md,2014-01-13 00:00:00,2015-11-18 00:00:00,,True
running-fastcgi-php-fpm-on-debian-7-with-apache.md,2014-06-16 00:00:00,2014-08-16 00:00:00,,False
apache-configuration-basics.md,2009-11-06 00:00:00,2011-08-22 00:00:00,,False
apache-configuration-structure.md,2010-02-24 00:00:00,2011-08-22 00:00:00,,False
configure-modsecurity-on-apache.md,2011-11-10 00:00:00,2017-10-27 00:00:00,,False
managing-resources-with-apache-modalias.md,2010-02-24 00:00:00,2011-08-22 00:00:00,,False
modevasive-on-apache.md,2011-11-14 00:00:00,2013-02-05 00:00:00,,False
redirect-urls-with-the-apache-web-server.md,2009-10-13 00:00:00,2017-02-21 00:00:00,,False
rewrite-urls-with-modrewrite-and-apache.md,2009-11-06 00:00:00,2017-02-21 00:00:00,,False
rulebased-access-control-for-apache.md,2009-12-07 00:00:00,2017-08-30 00:00:00,,False
tuning-your-apache-server.md,2015-02-27 00:00:00,2017-08-11 00:00:00,,False
deploy-websites-with-a-cherokee-web-server-on-ubuntu-12-04.md,2012-10-10 00:00:00,2012-10-10 00:00:00,,True
use-cherokee-web-server-on-ubuntu-12-04.md,2012-10-10 00:00:00,2016-03-11 00:00:00,,True
web-apps-with-cherokee-and-phpfastcgi-on-fedora-13.md,2010-09-17 00:00:00,2011-05-17 00:00:00,,True
web-apps-with-cherokee-and-phpfastcgi-on-ubuntu-10-04-lts-lucid.md,2010-06-11 00:00:00,2013-10-07 00:00:00,,True
websites-with-the-cherokee-web-server-on-debian-5-lenny.md,2009-09-10 00:00:00,2011-04-29 00:00:00,,True
websites-with-the-cherokee-web-server-on-fedora-13.md,2010-05-27 00:00:00,2011-05-09 00:00:00,,True
websites-with-the-cherokee-web-server-on-fedora-14.md,2010-05-27 00:00:00,2013-10-07 00:00:00,,True
websites-with-the-cherokee-web-server-on-ubuntu-10-04-lts-lucid.md,2010-05-03 00:00:00,2013-10-07 00:00:00,,True
websites-with-the-cherokee-web-server-on-ubuntu-9-04-jaunty.md,2009-09-14 00:00:00,2011-04-29 00:00:00,,True
websites-with-the-cherokee-web-server-on-ubuntu-9-10-karmic.md,2009-10-29 00:00:00,2011-05-09 00:00:00,,True
how-to-install-a-lamp-stack-on-arch-linux.md,2013-10-07 00:00:00,2015-12-07 00:00:00,,False
install-lamp-stack-on-ubuntu-16-04.md,2016-04-28 00:00:00,2017-07-28 00:00:00,,False
lamp-on-centos-6.md,2011-07-19 00:00:00,2015-12-01 00:00:00,,False
lamp-on-centos-7.md,2015-12-01 00:00:00,2016-10-26 00:00:00,,False
lamp-on-debian-8-jessie.md,2015-06-29 00:00:00,2015-12-01 00:00:00,,False
lamp-on-ubuntu-14-04.md,2015-01-28 00:00:00,2015-12-07 00:00:00,,False
lamp-server-on-centos-5.md,2009-10-19 00:00:00,2011-07-19 00:00:00,,True
lamp-server-on-debian-5-lenny.md,2009-07-16 00:00:00,2012-10-03 00:00:00,,True
lamp-server-on-debian-6-squeeze.md,2011-02-23 00:00:00,2013-10-09 00:00:00,,True
lamp-server-on-debian-7-wheezy.md,2013-10-09 00:00:00,2015-12-01 00:00:00,,False
lamp-server-on-fedora-11.md,2009-09-29 00:00:00,2011-05-02 00:00:00,,True
lamp-server-on-fedora-12.md,2009-09-29 00:00:00,2011-05-02 00:00:00,,True
lamp-server-on-fedora-13.md,2010-05-25 00:00:00,2011-05-02 00:00:00,,True
lamp-server-on-fedora-14.md,2010-11-30 00:00:00,2012-10-03 00:00:00,,True
lamp-server-on-fedora-15.md,2011-07-22 00:00:00,2013-11-19 00:00:00,,True
lamp-server-on-fedora-20.md,2014-04-11 00:00:00,2014-04-11 00:00:00,,True
lamp-server-on-ubuntu-10-10-maverick.md,2010-10-13 00:00:00,2012-10-03 00:00:00,,True
lamp-server-on-ubuntu-11-04-natty.md,2011-06-09 00:00:00,2013-02-18 00:00:00,,True
lamp-server-on-ubuntu-11-10-oneiric.md,2011-11-02 00:00:00,2013-09-23 00:00:00,,True
lamp-server-on-ubuntu-12-04-precise-pangolin.md,2012-10-03 00:00:00,2015-06-30 00:00:00,,True
lamp-server-on-ubuntu-8-04-lts-hardy.md,2009-07-16 00:00:00,2011-05-02 00:00:00,,True
lamp-server-on-ubuntu-9-04-jaunty.md,2009-07-16 00:00:00,2011-05-02 00:00:00,,True
lamp-server-on-ubuntu-9-10-karmic.md,2009-10-29 00:00:00,2011-05-02 00:00:00,,True
set-up-a-lamp-server-on-gentoo.md,2011-12-02 00:00:00,2013-10-24 00:00:00,,True
how-to-install-a-lemp-server-on-ubuntu-16-04.md,2016-05-06 00:00:00,2016-05-06 00:00:00,,False
lemp-server-on-arch-linux.md,2010-07-08 00:00:00,2012-06-21 00:00:00,,True
lemp-server-on-centos-5.md,2010-07-27 00:00:00,2013-09-23 00:00:00,,True
lemp-server-on-centos-6.md,2011-11-03 00:00:00,2013-01-08 00:00:00,,False
lemp-server-on-debian-5-lenny.md,2010-06-22 00:00:00,2013-02-18 00:00:00,,True
lemp-server-on-debian-7-wheezy.md,2014-02-07 00:00:00,2014-02-07 00:00:00,,False
lemp-server-on-fedora-13.md,2010-06-30 00:00:00,2011-05-03 00:00:00,,True
lemp-server-on-fedora-14.md,2010-12-01 00:00:00,2013-09-23 00:00:00,,True
lemp-server-on-fedora-15.md,2011-06-24 00:00:00,2012-06-21 00:00:00,,True
lemp-server-on-ubuntu-10-04-lucid.md,2010-06-29 00:00:00,2013-09-23 00:00:00,,True
lemp-server-on-ubuntu-10-10-maverick.md,2010-11-22 00:00:00,2012-10-03 00:00:00,,True
lemp-server-on-ubuntu-11-10-oneiric.md,2011-11-07 00:00:00,2013-09-23 00:00:00,,True
lemp-server-on-ubuntu-12-04-precise-pangolin.md,2012-10-09 00:00:00,2013-09-12 00:00:00,,True
lemp-server-on-ubuntu-9-10-karmic.md,2010-12-01 00:00:00,2011-05-03 00:00:00,,True
lemp-stack-on-centos-7-with-fastcgi.md,2014-12-11 00:00:00,2014-12-11 00:00:00,,False
lemp-stack-on-debian-8.md,2014-02-07 00:00:00,2017-08-21 00:00:00,,False
lighttpd-web-server-on-debian-5-lenny.md,2009-08-06 00:00:00,2011-08-22 00:00:00,,True
lighttpd-web-server-on-ubuntu-12-04-preci.md,2013-09-11 00:00:00,2013-09-11 00:00:00,,True
lighttpd-web-server-on-ubuntu-9-10-karmic.md,2010-05-10 00:00:00,2013-10-07 00:00:00,2017-11-08 00:00:00,True
use-lighttpd-web-server-on-ubuntu-16-04.md,2016-05-19 00:00:00,2016-05-19 00:00:00,,False
configure-nginx-for-optimized-performance.md,2015-09-09 00:00:00,2015-09-09 00:00:00,,False
deploy-django-applications-using-uwsgi-and-nginx-on-ubuntu-14-04.md,2015-11-25 00:00:00,2015-11-25 00:00:00,,False
how-to-configure-nginx.md,2010-01-18 00:00:00,2016-02-24 00:00:00,,False
how-to-install-nginx-on-debian-7-wheezy.md,2014-01-28 00:00:00,2014-01-28 00:00:00,,False
install-and-configure-nginx-and-php-fastcgi-on-ubuntu-16-04.md,2015-06-12 00:00:00,2016-09-13 00:00:00,,False
install-nginx-and-a-startssl-certificate-on-debian-7-wheezy.md,2014-10-20 00:00:00,2015-07-13 00:00:00,,False
install-nginx-and-a-startssl-certificate-on-debian-8-jessie.md,2015-10-21 00:00:00,2016-08-18 00:00:00,,False
install-nginx-and-php-via-fastcgi-on-ubuntu-12-04-precise-pangolin.md,2012-10-09 00:00:00,2012-10-09 00:00:00,,True
install-nginx-pagespeed-module-on-ubuntu1604.md,2015-11-03 00:00:00,2017-09-14 00:00:00,,False
install-nginx-web-server-on-debian-8.md,2015-07-09 00:00:00,2016-08-18 00:00:00,,False
installing-nginx-on-ubuntu-12-04-lts-precise-pangolin.md,2012-10-24 00:00:00,2015-09-16 00:00:00,,True
nginx-and-perlfastcgi-on-arch-linux.md,2011-02-03 00:00:00,2013-10-07 00:00:00,,True
nginx-and-perlfastcgi-on-centos-5.md,2009-12-16 00:00:00,2011-07-20 00:00:00,,True
nginx-and-perlfastcgi-on-debian-5-lenny.md,2009-12-16 00:00:00,2012-10-08 00:00:00,,True
nginx-and-perlfastcgi-on-debian-6-squeeze.md,2011-02-17 00:00:00,2011-05-10 00:00:00,,True
nginx-and-perlfastcgi-on-fedora-12.md,2010-03-11 00:00:00,2011-05-17 00:00:00,,True
nginx-and-perlfastcgi-on-fedora-13.md,2010-05-27 00:00:00,2011-05-17 00:00:00,,True
nginx-and-perlfastcgi-on-fedora-14.md,2011-01-07 00:00:00,2013-10-07 00:00:00,,True
nginx-and-perlfastcgi-on-ubuntu-10-04-lts-lucid.md,2010-05-03 00:00:00,2013-10-07 00:00:00,,True
nginx-and-perlfastcgi-on-ubuntu-10-10-maverick.md,2010-10-15 00:00:00,2012-10-08 00:00:00,,True
nginx-and-perlfastcgi-on-ubuntu-11-04-natty.md,2011-05-03 00:00:00,2012-10-31 00:00:00,,True
nginx-and-perlfastcgi-on-ubuntu-12-04-lts-precise-pangolin.md,2012-10-31 00:00:00,2012-10-31 00:00:00,,True
nginx-and-perlfastcgi-on-ubuntu-9-10-karmic.md,2009-12-16 00:00:00,2011-05-17 00:00:00,,True
nginx-and-phpfastcgi-on-arch-linux.md,2011-02-02 00:00:00,2013-10-07 00:00:00,,True
nginx-and-phpfastcgi-on-centos-5.md,2009-12-14 00:00:00,2011-05-17 00:00:00,,True
nginx-and-phpfastcgi-on-debian-5-lenny.md,2009-12-14 00:00:00,2012-10-08 00:00:00,,True
nginx-and-phpfastcgi-on-debian-6-squeeze.md,2011-05-09 00:00:00,2011-06-15 00:00:00,,True
nginx-and-phpfastcgi-on-fedora-12.md,2010-03-11 00:00:00,2011-05-17 00:00:00,,True
nginx-and-phpfastcgi-on-fedora-13.md,2010-05-27 00:00:00,2011-05-17 00:00:00,,True
nginx-and-phpfastcgi-on-fedora-14.md,2011-01-07 00:00:00,2013-10-07 00:00:00,,True
nginx-and-phpfastcgi-on-ubuntu-10-04-lts-lucid.md,2010-04-21 00:00:00,2013-10-07 00:00:00,,True
nginx-and-phpfastcgi-on-ubuntu-10-10-maverick.md,2010-10-12 00:00:00,2012-10-08 00:00:00,,True
nginx-and-phpfastcgi-on-ubuntu-11-04-natty.md,2011-05-06 00:00:00,2013-02-18 00:00:00,,True
nginx-and-phpfastcgi-on-ubuntu-9-10-karmic.md,2009-12-14 00:00:00,2011-05-17 00:00:00,2013-05-17 00:00:00,True
nginx-phpfastcgi-ubuntu-14-04.md,2015-06-12 00:00:00,2015-06-12 00:00:00,,False
nginx-ssl-and-tls-deployment-best-practices.md,2016-08-18 00:00:00,2016-08-18 00:00:00,,False
nginx-with-pagespeed-on-ubuntu-14-04.md,2015-11-03 00:00:00,2015-11-03 00:00:00,,False
use-uwsgi-to-deploy-python-apps-with-nginx-on-ubuntu-12-04.md,2012-11-13 00:00:00,2012-11-13 00:00:00,,True
websites-with-nginx-on-arch-linux.md,2011-02-02 00:00:00,2014-03-27 00:00:00,,True
websites-with-nginx-on-centos-5.md,2010-02-25 00:00:00,2014-03-27 00:00:00,,True
websites-with-nginx-on-debian-5-lenny.md,2010-02-24 00:00:00,2012-10-08 00:00:00,,True
websites-with-nginx-on-debian-6-squeeze.md,2011-02-23 00:00:00,2014-01-28 00:00:00,,True
websites-with-nginx-on-fedora-12.md,2010-02-24 00:00:00,2011-04-29 00:00:00,,True
websites-with-nginx-on-fedora-13.md,2010-05-25 00:00:00,2011-04-29 00:00:00,,True
websites-with-nginx-on-fedora-14.md,2010-12-07 00:00:00,2014-03-27 00:00:00,,True
websites-with-nginx-on-ubuntu-10-04-lts-lucid.md,2010-04-29 00:00:00,2013-10-07 00:00:00,,True
websites-with-nginx-on-ubuntu-10-10-maverick.md,2011-02-15 00:00:00,2012-10-08 00:00:00,,True
websites-with-nginx-on-ubuntu-9-10-karmic.md,2010-02-24 00:00:00,2011-04-29 00:00:00,,True
wsgi-using-uwsgi-and-nginx-on-arch-linux.md,2010-12-28 00:00:00,2013-10-07 00:00:00,,True
wsgi-using-uwsgi-and-nginx-on-centos-5.md,2010-11-10 00:00:00,2011-05-09 00:00:00,,True
wsgi-using-uwsgi-and-nginx-on-debian-5-lenny.md,2010-11-08 00:00:00,2012-10-08 00:00:00,,True
wsgi-using-uwsgi-and-nginx-on-debian-6-squeeze.md,2011-02-23 00:00:00,2011-05-09 00:00:00,,True
wsgi-using-uwsgi-and-nginx-on-fedora-13.md,2010-11-10 00:00:00,2011-04-29 00:00:00,,True
wsgi-using-uwsgi-and-nginx-on-fedora-14.md,2010-12-28 00:00:00,2013-10-07 00:00:00,,True
wsgi-using-uwsgi-and-nginx-on-ubuntu-10-04-lucid.md,2011-02-17 00:00:00,2013-10-07 00:00:00,,True
wsgi-using-uwsgi-and-nginx-on-ubuntu-10-10-maverick.md,2010-11-08 00:00:00,2012-10-08 00:00:00,,True
wsgi-using-uwsgi-and-nginx-on-ubuntu-9-10-karmic.md,2010-11-10 00:00:00,2011-04-29 00:00:00,,True
host-a-website-with-high-availability.md,2016-07-12 00:00:00,2017-06-07 00:00:00,,False
hosting-a-website.md,2012-03-13 00:00:00,2017-01-18 00:00:00,,False
introduction-to-high-availability.md,2016-07-12 00:00:00,2016-07-12 00:00:00,,False
add-a-custom-search-to-your-site-with-solr.md,2017-09-13 00:00:00,2017-09-13 00:00:00,,False
cms-overview.md,2014-10-17 00:00:00,2017-02-15 00:00:00,,False
creating-accounts-on-directadmin.md,2011-11-02 00:00:00,2013-10-03 00:00:00,,True
directadmin.md,2011-11-02 00:00:00,2013-10-03 00:00:00,,True
drush-drupal.md,2014-11-21 00:00:00,2014-11-21 00:00:00,,False
high-availability-wordpress.md,2015-01-09 00:00:00,2015-01-21 00:00:00,,False
how-to-install-and-configure-wordpress.md,2010-07-27 00:00:00,2015-10-05 00:00:00,,False
how-to-install-ghost-cms-on-ubuntu-16-04.md,2017-09-12 00:00:00,2017-09-12 00:00:00,,False
install-a-commercial-ssl-certificate-using-cpanel.md,2011-09-27 00:00:00,2017-04-28 00:00:00,,False
install-and-configure-drupal-8.md,2015-11-19 00:00:00,2015-11-19 00:00:00,,False
install-cpanel-on-centos.md,2016-09-07 00:00:00,2017-11-08 00:00:00,,False
install-kloxo-on-centos-5.md,2011-10-31 00:00:00,2013-10-03 00:00:00,,True
install-odoo-10-on-ubuntu-16-04.md,2017-04-04 00:00:00,2017-04-04 00:00:00,,False
install-odoo-9-erp-on-ubuntu-14-04.md,2015-11-03 00:00:00,2016-07-21 00:00:00,,False
install-wordpress-on-ubuntu-16-04.md,2016-10-21 00:00:00,2016-10-21 00:00:00,,False
install-wordpress-using-wp-cli-on-ubuntu-14-04.md,2016-03-11 00:00:00,2017-02-15 00:00:00,,False
installing-directadmin-on-debian-6.md,2011-11-02 00:00:00,2013-10-03 00:00:00,2015-10-03 00:00:00,True
kloxo-guides.md,2011-11-03 00:00:00,2013-10-03 00:00:00,,True
manage-a-debian-5-lenny-vps-with-ispconfig.md,2010-04-19 00:00:00,2012-10-08 00:00:00,,True
manage-a-debian-6-squeeze-vps-with-ispconfig.md,2011-04-05 00:00:00,2011-04-29 00:00:00,,True
manage-a-fedora-13-vps-with-ispconfig.md,2010-10-25 00:00:00,2012-10-08 00:00:00,,True
manage-a-fedora-14-vps-with-ispconfig.md,2011-04-05 00:00:00,2013-10-03 00:00:00,,True
manage-an-ubuntu-10-04-lucid-vps-with-ispconfig.md,2010-05-19 00:00:00,2011-04-29 00:00:00,,True
manage-an-ubuntu-10-10-maverick-vps-with-ispconfig.md,2010-10-29 00:00:00,2012-10-08 00:00:00,,True
manage-an-ubuntu-9-10-karmic-vps-with-ispconfig.md,2010-04-19 00:00:00,2011-04-29 00:00:00,,True
manage-content-with-markdown-and-mango-on-debian-5-lenny.md,2011-02-15 00:00:00,2012-10-08 00:00:00,,True
manage-content-with-markdown-and-mango-on-debian-6-squeeze.md,2011-04-05 00:00:00,2013-10-02 00:00:00,,True
manage-content-with-markdown-and-mango-on-fedora-14.md,2011-04-05 00:00:00,2013-10-02 00:00:00,,True
manage-content-with-markdown-and-mango-on-ubuntu-10-10-maverick.md,2011-04-05 00:00:00,2013-10-02 00:00:00,,True
manage-web-content-with-flatpress.md,2010-05-03 00:00:00,2013-10-02 00:00:00,,True
manage-web-content-with-joomla.md,2010-01-22 00:00:00,2011-04-19 00:00:00,,True
manage-web-content-with-movable-type.md,2009-07-23 00:00:00,2013-10-02 00:00:00,,True
manage-web-content-with-phpfusion.md,2010-04-17 00:00:00,2013-10-02 00:00:00,,True
manage-web-content-with-plone-on-debian-5-lenny.md,2010-01-29 00:00:00,2011-06-03 00:00:00,,True
managing-web-content-with-drupal-7.md,2009-09-29 00:00:00,2014-11-06 00:00:00,,False
set-up-dns-services-on-cpanel.md,2011-11-04 00:00:00,2017-02-15 00:00:00,,False
themes-modules-backups-drupal-drush-on-debian-7.md,2014-12-05 00:00:00,2014-12-05 00:00:00,,False
turbocharge-wordpress-search-with-solr.md,2015-04-03 00:00:00,2015-04-03 00:00:00,,False
update-and-secure-drupal-8-on-ubuntu.md,2016-05-11 00:00:00,2016-05-11 00:00:00,,False
use-cpanel-to-manage-domains-and-databases.md,2012-06-08 00:00:00,2017-02-15 00:00:00,,False
webmin-control-panel.md,2014-10-08 00:00:00,2017-02-21 00:00:00,,False
how-to-install-prestashop-on-ubuntu-16-04.md,2017-08-29 00:00:00,2017-09-21 00:00:00,,False
install-magento-on-centos-7.md,2016-12-28 00:00:00,2016-12-28 00:00:00,,False
install-magento-on-ubuntu-16-04.md,2016-12-28 00:00:00,2016-12-28 00:00:00,,False
install-opencart-on-centos-7.md,2017-04-29 00:00:00,2017-08-21 00:00:00,,False
magento-on-debian-5-lenny.md,2010-01-18 00:00:00,2011-08-22 00:00:00,,True
magento-on-ubuntu-9-10-karmic.md,2010-02-05 00:00:00,2011-05-17 00:00:00,,True
opencart-on-centos-6.md,2011-09-20 00:00:00,2011-09-20 00:00:00,,False
opencart-on-debian-6-squeeze.md,2011-09-16 00:00:00,2011-09-20 00:00:00,,True
opencart-on-fedora-15.md,2011-09-27 00:00:00,2013-10-03 00:00:00,,True
oscommerce-on-debian-5-lenny.md,2010-01-22 00:00:00,2011-08-22 00:00:00,,True
oscommerce-on-fedora-13.md,2010-10-13 00:00:00,2013-10-03 00:00:00,,True
oscommerce-on-ubuntu-9-10-karmic.md,2010-02-08 00:00:00,2011-08-22 00:00:00,,True
discussion-forums-with-fluxbb.md,2010-05-03 00:00:00,2013-10-01 00:00:00,,True
discussion-forums-with-mybb.md,2010-03-18 00:00:00,2013-10-01 00:00:00,,True
discussion-forums-with-phpbb-on-centos-5.md,2010-04-02 00:00:00,2011-05-09 00:00:00,,True
discussion-forums-with-phpbb-on-debian-5-lenny.md,2009-09-30 00:00:00,2012-10-08 00:00:00,,True
discussion-forums-with-phpbb-on-debian-6-squeeze.md,2011-04-05 00:00:00,2011-05-09 00:00:00,,True
discussion-forums-with-phpbb-on-fedora-14.md,2011-04-05 00:00:00,2013-10-01 00:00:00,,True
discussion-forums-with-phpbb-on-ubuntu-10-04-lucid.md,2010-09-22 00:00:00,2013-10-01 00:00:00,,True
discussion-forums-with-vanilla-forums.md,2010-05-03 00:00:00,2013-10-01 00:00:00,,True
install-a-simple-machines-forum-on-your-website.md,2010-03-18 00:00:00,2015-02-11 00:00:00,,False
install-and-run-askbot-on-ubuntu-16-04.md,2017-08-20 00:00:00,2017-09-22 00:00:00,,False
launch-discussion-forums-with-phpbb-on-ubuntu-12-04.md,2012-11-08 00:00:00,2012-11-08 00:00:00,,True
deploy-multiple-web-servers-with-proxypass-on-ubuntu-12-04.md,2012-11-07 00:00:00,2012-11-07 00:00:00,,True
multiple-web-servers-with-proxypass-on-centos-5.md,2010-02-04 00:00:00,2011-07-22 00:00:00,,True
multiple-web-servers-with-proxypass-on-debian-6-squeeze.md,2011-04-07 00:00:00,2011-04-29 00:00:00,,True
using-apache-for-proxy-and-clustering-services-on-centos-5.md,2010-03-22 00:00:00,2011-04-29 00:00:00,,True
using-apache-for-proxy-and-clustering-services-on-debian-5-lenny.md,2010-03-24 00:00:00,2011-06-07 00:00:00,,True
using-apache-for-proxy-and-clustering-services-on-fedora-12.md,2010-03-08 00:00:00,2011-04-29 00:00:00,,True
using-apache-for-proxy-and-clustering-services-on-fedora-14.md,2011-02-23 00:00:00,2013-10-04 00:00:00,,True
using-apache-for-proxy-and-clustering-services-on-ubuntu-10-04-lucid.md,2010-05-04 00:00:00,2013-10-04 00:00:00,,True
using-apache-for-proxy-and-clustering-services-on-ubuntu-10-10-maverick.md,2010-12-06 00:00:00,2012-10-08 00:00:00,,True
using-apache-for-proxy-and-clustering-services-on-ubuntu-12-04-precise-pangolin.md,2012-10-18 00:00:00,2012-10-18 00:00:00,,True
using-apache-for-proxy-and-clustering-services-on-ubuntu-9-10-karmic.md,2010-03-24 00:00:00,2011-04-29 00:00:00,,True
manage-and-automate-systems-configuration-with-puppet.md,2010-06-13 00:00:00,2011-08-22 00:00:00,,False
getting-started-with-varnish-cache.md,2014-02-05 00:00:00,2017-02-24 00:00:00,,False
use-varnish-and-nginx-to-serve-wordpress-over-ssl-and-http-on-debian-8.md,2016-11-23 00:00:00,2016-11-23 00:00:00,,False
confluence-on-centos-5.md,2010-09-09 00:00:00,2011-06-07 00:00:00,,True
confluence-on-debian-5-lenny.md,2010-09-06 00:00:00,2011-05-17 00:00:00,,True
confluence-on-fedora-13.md,2010-09-09 00:00:00,2013-10-04 00:00:00,,True
confluence-on-ubuntu-10-04-lucid.md,2010-09-05 00:00:00,2011-06-07 00:00:00,,True
confluence-on-ubuntu-9-10-karmic.md,2010-09-06 00:00:00,2012-10-08 00:00:00,,True
dokuwiki-engine.md,2010-04-17 00:00:00,2017-07-27 00:00:00,,False
ikiwiki-on-arch-linux.md,2011-02-23 00:00:00,2013-10-04 00:00:00,,True
ikiwiki-on-debian-5-lenny.md,2011-01-31 00:00:00,2012-10-08 00:00:00,,True
ikiwiki-on-debian-6-squeeze.md,2011-04-05 00:00:00,2013-10-04 00:00:00,,True
ikiwiki-on-fedora-12.md,2010-03-23 00:00:00,2011-04-29 00:00:00,,True
ikiwiki-on-fedora-13.md,2010-09-15 00:00:00,2011-04-29 00:00:00,,True
ikiwiki-on-ubuntu-10-04-lucid.md,2011-04-05 00:00:00,2013-10-04 00:00:00,,True
ikiwiki-on-ubuntu-10-10-maverick.md,2011-04-05 00:00:00,2012-10-08 00:00:00,,True
ikiwiki-on-ubuntu-12-04-precise-pangolin.md,2012-10-18 00:00:00,2013-10-04 00:00:00,,True
ikiwiki-on-ubuntu-9-10-karmic.md,2010-03-23 00:00:00,2011-04-29 00:00:00,,True
install-mediawiki-on-ubuntu-1604.md,2009-09-30 00:00:00,2017-08-16 00:00:00,,False
twiki-on-centos-5.md,2011-04-05 00:00:00,2013-10-04 00:00:00,,True
twiki-on-debian-5-lenny.md,2011-01-28 00:00:00,2012-10-08 00:00:00,,True
twiki-on-debian-6-squeeze.md,2011-04-05 00:00:00,2013-10-04 00:00:00,,True
twiki-on-fedora-14.md,2011-04-05 00:00:00,2013-10-04 00:00:00,,True
twiki-on-ubuntu-10-04-lucid.md,2011-02-15 00:00:00,2013-10-04 00:00:00,,True
twiki-on-ubuntu-10-10-maverick.md,2011-02-15 00:00:00,2012-10-08 00:00:00,,True
twiki-on-ubuntu-12-04-precise-pangolin.md,2012-10-24 00:00:00,2013-10-04 00:00:00,,True
twiki.md,2010-03-31 00:00:00,2013-10-04 00:00:00,,True
